{"epoch_accuracy": {"1": 0.866008807698581, "2": 0.8670689936388843, "3": 0.8687000489316588, "4": 0.8695971293426847, "5": 0.8722883705757625, "6": 0.8746534007502854, "7": 0.877426194748002, "8": 0.8791388028054151, "9": 0.8817484912738541, "10": 0.8832164410373512, "11": 0.8850921546240418, "12": 0.885581471211874, "13": 0.8874571847985647, "14": 0.8895775566791714, "15": 0.8903930843255586, "16": 0.8908008481487523, "17": 0.8921056923829718, "18": 0.8932474310879139, "19": 0.8947153808514109, "20": 0.8963464361441853, "21": 0.8978143859076823, "22": 0.898793019083347, "23": 0.8996900994943728, "24": 0.9009949437285923, "25": 0.9021366824335345, "26": 0.9031968683738378, "27": 0.9040123960202251, "28": 0.904909476431251, "29": 0.905806556842277, "30": 0.9060512151361931, "31": 0.9068667427825803, "32": 0.9076822704289675, "33": 0.9081715870167999, "34": 0.9081715870167999, "35": 0.9089055618985483, "36": 0.909313325721742, "37": 0.909884195074213, "38": 0.9104550644266841, "39": 0.9111890393084325, "40": 0.9118414614255423, "41": 0.9120045669548198, "42": 0.9123307780133747, "43": 0.9129832001304844, "44": 0.9135540694829555, "45": 0.9142064916000653, "46": 0.9142064916000653, "47": 0.9144511498939814, "48": 0.9149404664818137, "49": 0.9146958081878975, "50": 0.9151851247757299}}