{"epoch_accuracy": {"1": 0.7373737373737373, "2": 0.7407407407407407, "3": 0.7373737373737373, "4": 0.7407407407407407, "5": 0.7407407407407407, "6": 0.7474747474747475, "7": 0.7474747474747475, "8": 0.7508417508417509, "9": 0.7441077441077442, "10": 0.7474747474747475, "11": 0.7441077441077442, "12": 0.7441077441077442, "13": 0.7407407407407407, "14": 0.7407407407407407, "15": 0.7407407407407407, "16": 0.734006734006734, "17": 0.734006734006734, "18": 0.734006734006734, "19": 0.734006734006734, "20": 0.7306397306397306, "21": 0.734006734006734, "22": 0.734006734006734, "23": 0.734006734006734, "24": 0.7306397306397306, "25": 0.7306397306397306, "26": 0.734006734006734, "27": 0.734006734006734, "28": 0.734006734006734, "29": 0.7407407407407407, "30": 0.7407407407407407, "31": 0.7373737373737373, "32": 0.7373737373737373, "33": 0.7373737373737373, "34": 0.7373737373737373, "35": 0.7373737373737373, "36": 0.7407407407407407, "37": 0.7373737373737373, "38": 0.7373737373737373, "39": 0.7373737373737373, "40": 0.7306397306397306, "41": 0.7306397306397306, "42": 0.734006734006734, "43": 0.7306397306397306, "44": 0.7239057239057239, "45": 0.7239057239057239, "46": 0.7272727272727273, "47": 0.7272727272727273, "48": 0.7272727272727273, "49": 0.7272727272727273, "50": 0.7272727272727273}}