{"epoch_accuracy": {"1": 0.7742165242165243, "2": 0.7763532763532764, "3": 0.7742165242165243, "4": 0.7763532763532764, "5": 0.7777777777777778, "6": 0.782051282051282, "7": 0.782051282051282, "8": 0.7841880341880342, "9": 0.7799145299145299, "10": 0.7827635327635328, "11": 0.7806267806267807, "12": 0.7806267806267807, "13": 0.777065527065527, "14": 0.7763532763532764, "15": 0.7763532763532764, "16": 0.7735042735042735, "17": 0.7735042735042735, "18": 0.7735042735042735, "19": 0.7735042735042735, "20": 0.7713675213675215, "21": 0.7735042735042736, "22": 0.7735042735042736, "23": 0.7735042735042736, "24": 0.7706552706552707, "25": 0.7706552706552707, "26": 0.7706552706552707, "27": 0.7706552706552707, "28": 0.7720797720797721, "29": 0.7763532763532763, "30": 0.7763532763532763, "31": 0.7735042735042735, "32": 0.7735042735042735, "33": 0.7735042735042735, "34": 0.7735042735042735, "35": 0.7735042735042735, "36": 0.7756410256410257, "37": 0.7735042735042735, "38": 0.7735042735042735, "39": 0.7735042735042735, "40": 0.7692307692307693, "41": 0.7692307692307693, "42": 0.7706552706552706, "43": 0.7692307692307693, "44": 0.7649572649572649, "45": 0.7649572649572649, "46": 0.7663817663817662, "47": 0.7670940170940171, "48": 0.7670940170940171, "49": 0.7670940170940171, "50": 0.7670940170940171}}