{"epoch_accuracy": {"1": 0.9048445636736626, "2": 0.906264794066593, "3": 0.9086318447214771, "4": 0.9100520751144074, "5": 0.9105254852453842, "6": 0.9119457156383146, "7": 0.9133659460312451, "8": 0.9147861764241755, "9": 0.9169954237020672, "10": 0.9169954237020672, "11": 0.9185734574719899, "12": 0.9201514912419125, "13": 0.9206249013728893, "14": 0.921571721634843, "15": 0.9223607385198043, "16": 0.9228341486507812, "17": 0.9247277891746883, "18": 0.9258324128136343, "19": 0.9261480195676187, "20": 0.9270948398295723, "21": 0.9272526432065646, "22": 0.9281994634685182, "23": 0.9291462837304718, "24": 0.9300931039924254, "25": 0.93040871074641, "26": 0.9308821208773868, "27": 0.9311977276313713, "28": 0.9315133343853559, "29": 0.9321445478933249, "30": 0.9323023512703171, "31": 0.932775761401294, "32": 0.9330913681552785, "33": 0.9332491715322708, "34": 0.9335647782862553, "35": 0.9337225816632476, "36": 0.9340381884172321, "37": 0.9343537951712166, "38": 0.9346694019252012, "39": 0.9353006154331702, "40": 0.9357740255641471, "41": 0.9362474356951239, "42": 0.9365630424491084, "43": 0.9367208458261007, "44": 0.9370364525800852, "45": 0.9371942559570775, "46": 0.9381410762190311, "47": 0.9384566829730157, "48": 0.9384566829730157, "49": 0.9386144863500079, "50": 0.9386144863500079}}