{"learning rate": 0.00025, "epoch_accuracy": {"1.0": 0.8759665456840776, "2.0": 0.881489663878807, "3.0": 0.8955341644311188, "4.0": 0.9020041028878018, "5.0": 0.9051601704276472, "6.0": 0.9051601704276472, "7.0": 0.9117879122613224, "8.0": 0.9135237494082373, "9.0": 0.9154173899321445, "10.0": 0.9188890642259744, "11.0": 0.9217295250118352, "12.0": 0.9231497554047656, "13.0": 0.928041660091526, "14.0": 0.9281994634685182, "15.0": 0.9289884803534796, "16.0": 0.9305665141234022, "17.0": 0.9299353006154332, "18.0": 0.9308821208773868, "19.0": 0.9296196938614486, "20.0": 0.93040871074641, "21.0": 0.9313555310083635, "22.0": 0.9321445478933249, "23.0": 0.9315133343853559, "24.0": 0.9319867445163327, "25.0": 0.9337225816632476, "26.0": 0.9326179580243017, "27.0": 0.9335647782862553, "28.0": 0.9346694019252012, "29.0": 0.9343537951712166, "30.0": 0.9343537951712166, "31.0": 0.9332491715322708, "32.0": 0.9316711377623481, "33.0": 0.932775761401294, "34.0": 0.9308821208773868, "35.0": 0.9332491715322708, "36.0": 0.9335647782862553, "37.0": 0.9308821208773868, "38.0": 0.9296196938614486, "39.0": 0.9278838567145337, "40.0": 0.9321445478933249, "41.0": 0.9341959917942244, "42.0": 0.9311977276313713, "43.0": 0.9311977276313713, "44.0": 0.9329335647782863, "45.0": 0.9338803850402398, "46.0": 0.9330913681552785, "47.0": 0.932775761401294, "48.0": 0.9283572668455105, "49.0": 0.9313555310083635, "50.0": 0.9318289411393403}}