{"learning rate": 0.00025, "epoch_accuracy": {"5": 0.3526591107236269, "6": 0.36573670444638184, "7": 0.35222319093286836, "8": 0.34176111595466435, "9": 0.35309503051438534, "10": 0.3548387096774194, "11": 0.35222319093286836, "12": 0.34742807323452485, "13": 0.35396687009590233, "14": 0.35178727114210984, "15": 0.35571054925893636, "16": 0.35178727114210984, "17": 0.3526591107236269, "18": 0.35178727114210984, "19": 0.35876198779424584, "20": 0.36137750653879686, "21": 0.35658238884045335, "22": 0.35701830863121187, "23": 0.35440278988666085, "24": 0.35091543156059285, "25": 0.36137750653879686, "26": 0.35353095030514387, "27": 0.35571054925893636, "28": 0.35745422842197033, "29": 0.3583260680034874, "30": 0.35701830863121187, "31": 0.35091543156059285, "32": 0.36006974716652135, "33": 0.35353095030514387, "34": 0.35527462946817784, "35": 0.35178727114210984, "36": 0.36006974716652135, "37": 0.36486486486486486, "38": 0.35047951176983433, "39": 0.3526591107236269, "40": 0.34960767218831734, "41": 0.35222319093286836, "42": 0.35571054925893636, "43": 0.35222319093286836, "44": 0.3548387096774194, "45": 0.3561464690496949, "46": 0.35789014821272885, "47": 0.35091543156059285, "48": 0.35876198779424584, "49": 0.34437663469921537, "50": 0.35440278988666085}}