{"learning rate": 1e-05, "epoch_accuracy": {"1.0": 0.6201467101363367, "2.0": 0.6437833432128038, "3.0": 0.6561203319502075, "4.0": 0.6645302311796087, "5.0": 0.671754593953764, "6.0": 0.6758298755186722, "7.0": 0.6817205097806758, "8.0": 0.6856105512744517, "9.0": 0.6894635447540012, "10.0": 0.6945761707172495, "11.0": 0.6958358032009484, "12.0": 0.7000963248369887, "13.0": 0.7022821576763485, "14.0": 0.7048384706579728, "15.0": 0.7082839359810315, "16.0": 0.7108402489626556, "17.0": 0.7127296976882039, "18.0": 0.7141375222288086, "19.0": 0.7162492590397155, "20.0": 0.7199170124481328, "21.0": 0.721880557202134, "22.0": 0.723918197984588, "23.0": 0.7265486069946651, "24.0": 0.727734143449911, "25.0": 0.7302163604030824, "26.0": 0.7319205690574985, "27.0": 0.7341804979253111, "28.0": 0.7351807943094251, "29.0": 0.7362181387077653, "30.0": 0.7380705394190872, "31.0": 0.7398117960877297, "32.0": 0.7403675163011263, "33.0": 0.7422199170124482, "34.0": 0.7439982216953172, "35.0": 0.7455171902786011, "36.0": 0.7464804386484885, "37.0": 0.748221695317131, "38.0": 0.7492219917012448, "39.0": 0.7502963841138115, "40.0": 0.7518894487255483, "41.0": 0.7527786010669828, "42.0": 0.7536677534084173, "43.0": 0.7545939537640782, "44.0": 0.7557053941908713, "45.0": 0.756520450503853, "46.0": 0.7572614107883817, "47.0": 0.7580764671013633, "48.0": 0.7587803793716656, "49.0": 0.75915085951393, "50.0": 0.7602622999407231}}