{"learning rate": 0.00025, "epoch_accuracy": {"1":0.3596, "2":0.363, "3":0.3578 , "4":0.3453, "5": 0.35222319093286836, "6": 0.3469921534437663, "7": 0.3526591107236269, "8": 0.35135135135135137, "9": 0.35309503051438534, "10": 0.35222319093286836, "11": 0.35353095030514387, "12": 0.35876198779424584, "13": 0.34786399302528337, "14": 0.3421970357454228, "15": 0.34960767218831734, "16": 0.35440278988666085, "17": 0.35178727114210984, "18": 0.34088927637314737, "19": 0.35701830863121187, "20": 0.34524847428073235, "21": 0.34655623365300786, "22": 0.35091543156059285, "23": 0.34873583260680036, "24": 0.34088927637314737, "25": 0.35091543156059285, "26": 0.35876198779424584, "27": 0.34742807323452485, "28": 0.35091543156059285, "29": 0.3548387096774194, "30": 0.3421970357454228, "31": 0.35222319093286836, "32": 0.3491717523975589, "33": 0.34612031386224934, "34": 0.35222319093286836, "35": 0.3491717523975589, "36": 0.34786399302528337, "37": 0.34829991281604183, "38": 0.34742807323452485, "39": 0.3456843940714908, "40": 0.3469921534437663, "41": 0.33914559721011334, "42": 0.34655623365300786, "43": 0.3526591107236269, "44": 0.35440278988666085, "45": 0.34655623365300786, "46": 0.34263295553618134, "47": 0.34437663469921537, "48": 0.34829991281604183, "49": 0.34873583260680036, "50": 0.35178727114210984}}
