{"learning rate": 1e-05, "epoch_accuracy": {"1.0": 0.5268012999730355, "2.0": 0.5412627904006357, "3.0": 0.5477200800420079, "4.0": 0.5534819692604629, "5.0": 0.5585484580560011, "6.0": 0.5623234889232647, "7.0": 0.5663681648524758, "8.0": 0.5680569944509885, "9.0": 0.5712075841221634, "10.0": 0.5743155982572414, "11.0": 0.5744291330201666, "12.0": 0.5767140201240367, "13.0": 0.5785873437123029, "14.0": 0.5802619814654499, "15.0": 0.5820217702907909, "16.0": 0.5842215063224672, "17.0": 0.5852575110341598, "18.0": 0.5856264990136667, "19.0": 0.586719271106822, "20.0": 0.5890751174375204, "21.0": 0.5890609255921547, "22.0": 0.5888196642209387, "23.0": 0.5914451556135845, "24.0": 0.5920837886550389, "25.0": 0.5939145367072081, "26.0": 0.5932759036657537, "27.0": 0.5979875963271504, "28.0": 0.5976186083476435, "29.0": 0.5970367426876517, "30.0": 0.59939258901835, "31.0": 0.5988958744305523, "32.0": 0.6003860181939458, "33.0": 0.6014220229056384, "34.0": 0.6011807615344223, "35.0": 0.6031250443495167, "36.0": 0.6033804975660986, "37.0": 0.604302967514866, "38.0": 0.6047854902572981, "39.0": 0.6048422576387608, "40.0": 0.6039197876899933, "41.0": 0.6044165022777912, "42.0": 0.6078367370109136, "43.0": 0.6079360799284731, "44.0": 0.6052254374636334, "45.0": 0.6084611782070023, "46.0": 0.6082908760626144, "47.0": 0.6074819408767722, "48.0": 0.6101641996508806, "49.0": 0.6092133460113819, "50.0": 0.6093836481557697}}