{"epoch_accuracy": {"1": 0.5170142700329309, "2": 0.5214050493962679, "3": 0.5159165751920965, "4": 0.5126234906695939, "5": 0.5159165751920965, "6": 0.5192096597145993, "7": 0.5203073545554336, "8": 0.5203073545554336, "9": 0.5236004390779363, "10": 0.5203073545554336, "11": 0.5181119648737651, "12": 0.5148188803512623, "13": 0.5137211855104281, "14": 0.5170142700329309, "15": 0.5170142700329309, "16": 0.5225027442371021, "17": 0.5093304061470911, "18": 0.5181119648737651, "19": 0.5192096597145993, "20": 0.5214050493962679, "21": 0.5214050493962679, "22": 0.5236004390779363, "23": 0.5137211855104281, "24": 0.5181119648737651, "25": 0.5214050493962679, "26": 0.5214050493962679, "27": 0.5203073545554336, "28": 0.5170142700329309, "29": 0.5225027442371021, "30": 0.5257958287596048, "31": 0.5225027442371021, "32": 0.5225027442371021, "33": 0.5170142700329309, "34": 0.5159165751920965, "35": 0.5170142700329309, "36": 0.5071350164654226, "37": 0.5027442371020856, "38": 0.5071350164654226, "39": 0.5060373216245884, "40": 0.5038419319429198, "41": 0.5049396267837541, "42": 0.5071350164654226, "43": 0.5082327113062569, "44": 0.5115257958287596, "45": 0.5126234906695939, "46": 0.5093304061470911, "47": 0.5049396267837541, "48": 0.5016465422612514, "49": 0.5027442371020856, "50": 0.5049396267837541, "51": 0.5148188803512623, "52": 0.5126234906695939, "53": 0.5093304061470911, "54": 0.5049396267837541, "55": 0.5137211855104281, "56": 0.5126234906695939, "57": 0.5115257958287596, "58": 0.5170142700329309, "59": 0.5203073545554336, "60": 0.5148188803512623, "61": 0.5159165751920965, "62": 0.5203073545554336, "63": 0.5170142700329309, "64": 0.5159165751920965, "65": 0.5126234906695939, "66": 0.5104281009879253, "67": 0.5115257958287596, "68": 0.5159165751920965, "69": 0.5159165751920965, "70": 0.5104281009879253, "71": 0.5203073545554336, "72": 0.5126234906695939, "73": 0.5093304061470911, "74": 0.5082327113062569, "75": 0.5093304061470911, "76": 0.5104281009879253, "77": 0.5082327113062569, "78": 0.5082327113062569, "79": 0.5137211855104281, "80": 0.5104281009879253, "81": 0.5027442371020856, "82": 0.5049396267837541, "83": 0.5049396267837541, "84": 0.5104281009879253, "85": 0.5093304061470911, "86": 0.5170142700329309, "87": 0.5214050493962679, "88": 0.5236004390779363, "89": 0.5137211855104281, "90": 0.5203073545554336, "91": 0.5181119648737651, "92": 0.5115257958287596, "93": 0.5170142700329309, "94": 0.5181119648737651, "95": 0.5126234906695939, "96": 0.5159165751920965, "97": 0.5236004390779363, "98": 0.5148188803512623, "99": 0.5214050493962679, "100": 0.5203073545554336}}