{"epoch_accuracy": {"1": 0.4593141528625399, "2": 0.461929671607091, "3": 0.45771578029642546, "4": 0.456117407730311, "5": 0.4578610868933449, "6": 0.45916884626562043, "7": 0.45858761987794244, "8": 0.45916884626562054, "9": 0.4575704736995059, "10": 0.4574251671025865, "11": 0.457570473699506, "12": 0.45640802092414995, "13": 0.45771578029642546, "14": 0.46033129904097636, "15": 0.45916884626562043, "16": 0.46134844521941304, "17": 0.45510026155187444, "18": 0.4594594594594595, "19": 0.4597500726532985, "20": 0.4622202848009299, "21": 0.46265620459168844, "22": 0.4635280441732054, "23": 0.4580063934902645, "24": 0.4593141528625399, "25": 0.4623655913978494, "26": 0.4614937518163324, "27": 0.4610578320255739, "28": 0.4588782330717814, "29": 0.46338273757628595, "30": 0.4654170299331589, "31": 0.46469049694856146, "32": 0.4667247893054346, "33": 0.4632374309793665, "34": 0.4655623365300784, "35": 0.46323743097936637, "36": 0.456698634117989, "37": 0.4517582098227259, "38": 0.456698634117989, "39": 0.4574251671025864, "40": 0.4543737285672769, "41": 0.451758209822726, "42": 0.4543737285672769, "43": 0.4539378087765185, "44": 0.4552455681487939, "45": 0.455245568148794, "46": 0.45364719558267946, "47": 0.4513222900319675, "48": 0.4495786108689334, "49": 0.45132229003196744, "50": 0.4482708514966579, "51": 0.45437372856727704, "52": 0.4559721011333915, "53": 0.4539378087765185, "54": 0.45233943621040407, "55": 0.454083115373438, "56": 0.45422842197035745, "57": 0.454083115373438, "58": 0.4565533275210694, "59": 0.4580063934902644, "60": 0.45698924731182794, "61": 0.4580063934902644, "62": 0.459604766056379, "63": 0.4580063934902645, "64": 0.45510026155187444, "65": 0.45422842197035745, "66": 0.4545190351641965, "67": 0.4558267945364719, "68": 0.4549549549549549, "69": 0.4540831153734379, "70": 0.4524847428073234, "71": 0.45277535600116237, "72": 0.45219412961348443, "73": 0.4527753560011625, "74": 0.45161290322580633, "75": 0.45306596919500153, "76": 0.4508863702412089, "77": 0.45495495495495497, "78": 0.456117407730311, "79": 0.4588782330717815, "80": 0.45640802092414984, "81": 0.452339436210404, "82": 0.4532112757919209, "83": 0.4523394362104039, "84": 0.45059575704737, "85": 0.44870677128741654, "86": 0.45001453065969194, "87": 0.454083115373438, "88": 0.4555361813426331, "89": 0.45161290322580644, "90": 0.454664341761116, "91": 0.45379250217959893, "92": 0.4504504504504505, "93": 0.4540831153734379, "94": 0.4527753560011625, "95": 0.45015983725661146, "96": 0.45074106364428945, "97": 0.45568148793955254, "98": 0.45248474280732354, "99": 0.45684394071490836, "100": 0.4519035164196454}}