{"epoch_accuracy": {"1": 0.7058320262369885, "2": 0.7141736774561529, "3": 0.7203051475830601, "4": 0.727006987024098, "5": 0.7331384571510052, "6": 0.7389134464565806, "7": 0.7424069585056324, "8": 0.7473976900042778, "9": 0.7499643519178668, "10": 0.753529160131185, "11": 0.7560245258805076, "12": 0.7563810067018394, "13": 0.7573791530015686, "14": 0.7598032225866248, "15": 0.7617282190218166, "16": 0.7632967346356766, "17": 0.7635106231284757, "18": 0.7658633965492656, "19": 0.7679309853129902, "20": 0.7699272779124483, "21": 0.7688578354484529, "22": 0.7703550548980465, "23": 0.7727791244831028, "24": 0.7734920861257665, "25": 0.7747041209182945, "26": 0.7749180094110937, "27": 0.7761300442036219, "28": 0.7796948524169399, "29": 0.7809068872094681, "30": 0.7814059603593326, "31": 0.7815485526878654, "32": 0.7829744759731927, "33": 0.7851846570654499, "34": 0.7858976187081135, "35": 0.7858976187081135, "36": 0.7865392841865108, "37": 0.7873948381577072, "38": 0.7891059461000998, "39": 0.7908883502067589, "40": 0.7924568658206188, "41": 0.793455012120348, "42": 0.7940253814344789, "43": 0.7939540852702125, "44": 0.794667046912876, "45": 0.7972337088264652, "46": 0.7956651932126052, "47": 0.796021674033937, "48": 0.7958077855411378, "49": 0.7958077855411378, "50": 0.797019820333666, "51": 0.7984457436189933, "52": 0.800156851561386, "53": 0.8004420362184514, "54": 0.8015114786824469, "55": 0.8027235134749751, "56": 0.8022957364893769, "57": 0.8034364751176387, "58": 0.8033651789533723, "59": 0.8038642521032369, "60": 0.8052901753885641, "61": 0.8060744331954941, "62": 0.8049336945672323, "63": 0.8052901753885641, "64": 0.8060744331954941, "65": 0.8062170255240269, "66": 0.8070012833309568, "67": 0.8075716526450877, "68": 0.8083559104520177, "69": 0.809995722230144, "70": 0.8103522030514758, "71": 0.8103522030514758, "72": 0.811564237844004, "73": 0.8122771994866677, "74": 0.8120633109938685, "75": 0.8128475688007986, "76": 0.8134892342791957, "77": 0.8139883074290604, "78": 0.8135605304434621, "79": 0.8147012690717239, "80": 0.8153429345501212, "81": 0.8157707115357193, "82": 0.8163410808498502, "83": 0.8157707115357193, "84": 0.8171253386567803, "85": 0.8168401539997148, "86": 0.8169827463282475, "87": 0.8175531156423784, "88": 0.8186938542706402, "89": 0.8196207044061029, "90": 0.8211179238556966, "91": 0.8202623698845002, "92": 0.819834592898902, "93": 0.8201910737202338, "94": 0.8208327391986311, "95": 0.8206188507058321, "96": 0.8201197775559675, "97": 0.8199058890631684, "98": 0.8206188507058321, "99": 0.822401254812491, "100": 0.8226151433052902}}