{"learning rate": 0.00025, "epoch_accuracy": {"51.0": 0.5974687774111357, "52.0": 0.5972599306628795, "53.0": 0.6001211311139886, "54.0": 0.5980953176559041, "55.0": 0.5986800885510213, "56.0": 0.5993275134706153, "57.0": 0.6050916837224845, "58.0": 0.6041101040056807, "59.0": 0.6028361388413183, "60.0": 0.6001211311139886, "61.0": 0.602522868718934, "62.0": 0.6018963284741656, "63.0": 0.6047992982749258, "64.0": 0.6067833423833591, "65.0": 0.6012280188797461, "66.0": 0.6072219205546969, "67.0": 0.6097698508834217, "68.0": 0.6084750010442337, "69.0": 0.607054843156092, "70.0": 0.6054676078693455, "71.0": 0.6079528841735934, "72.0": 0.6097489662085961, "73.0": 0.6102293137295852, "74.0": 0.60954011946034, "75.0": 0.6131740528799967, "76.0": 0.6104799298274926, "77.0": 0.6093939267365607, "78.0": 0.6121507038135416, "79.0": 0.6090806566141765, "80.0": 0.6119418570652855, "81.0": 0.610083121005806, "82.0": 0.6158264065828495, "83.0": 0.6158055219080238, "84.0": 0.6164738315024435, "85.0": 0.6130905141806942, "86.0": 0.6142809406457541, "87.0": 0.6145106720688359, "88.0": 0.6153460590618605, "89.0": 0.6132784762541247, "90.0": 0.6193350319535524, "91.0": 0.6185622989850048, "92.0": 0.61601436865628, "93.0": 0.6165782548765716, "94.0": 0.6190217618311683, "95.0": 0.6185831836598304, "96.0": 0.6194394553276805, "97.0": 0.6198571488241928, "98.0": 0.6186667223591329, "99.0": 0.6196900714255879, "100.0": 0.6199198028486697}}