{"epoch_accuracy": {"1": 0.7668818137441016, "2": 0.7735531811032164, "3": 0.780170309703314, "4": 0.7855399468460161, "5": 0.7912350165428215, "6": 0.7951402071920595, "7": 0.798394532733091, "8": 0.8013776644790367, "9": 0.8041438411889136, "10": 0.8072896892119108, "11": 0.8086456581873407, "12": 0.8105440147529425, "13": 0.8127135651136302, "14": 0.8139610565710257, "15": 0.8158051743776102, "16": 0.8167814720399197, "17": 0.8178662472202636, "18": 0.8197646037858654, "19": 0.821066334002278, "20": 0.8224223029777079, "21": 0.8231274068449314, "22": 0.8250800021695504, "23": 0.8260562998318598, "24": 0.8269241199761349, "25": 0.8287682377827196, "26": 0.8298530129630634, "27": 0.8316428920106308, "28": 0.8327276671909747, "29": 0.8338124423713186, "30": 0.8346802625155937, "31": 0.8358192764549547, "32": 0.8366870965992298, "33": 0.8376091555025221, "34": 0.8390736019959864, "35": 0.8397244671041927, "36": 0.8405922872484678, "37": 0.8418940174648804, "38": 0.8426533600911211, "39": 0.8434127027173618, "40": 0.8442805228616369, "41": 0.8455280143190324, "42": 0.8461788794272387, "43": 0.8466670282583935, "44": 0.8475348484026686, "45": 0.8482941910289092, "46": 0.8489450561371156, "47": 0.8498671150404079, "48": 0.8503010251125455, "49": 0.8508434127027173, "50": 0.8518197103650268, "51": 0.8522536204371643, "52": 0.8529587243043879, "53": 0.8536095894125942, "54": 0.8544231707978521, "55": 0.8549113196290069, "56": 0.8553994684601617, "57": 0.8558876172913163, "58": 0.8561588110864023, "59": 0.8563215273634539, "60": 0.8566469599175571, "61": 0.8566469599175571, "62": 0.8568639149536259, "63": 0.8573520637847806, "64": 0.8580029288929869, "65": 0.8584910777241417, "66": 0.8587622715192277, "67": 0.8590334653143136, "68": 0.8597385691815371, "69": 0.8600640017356402, "70": 0.860552150566795, "71": 0.8611487769159841, "72": 0.8613657319520529, "73": 0.8617454032651732, "74": 0.8623420296143625, "75": 0.8623420296143625, "76": 0.8628301784455171, "77": 0.8631556109996203, "78": 0.8631013722406031, "79": 0.8635352823127407, "80": 0.8638607148668438, "81": 0.8644031024570158, "82": 0.8648370125291533, "83": 0.8648370125291533, "84": 0.8649997288062049, "85": 0.8654878776373597, "86": 0.8658133101914628, "87": 0.8659217877094972, "88": 0.8660845039865488, "89": 0.8666268915767207, "90": 0.8670065628898411, "91": 0.867548950480013, "92": 0.8679828605521506, "93": 0.8681455768292021, "94": 0.8685252481423225, "95": 0.86895915821446, "96": 0.8691218744915117, "97": 0.8695557845636492, "98": 0.8698269783587351, "99": 0.8702066496718555, "100": 0.8703693659489071}}