{"learning rate": 0.00025, "epoch_accuracy": {"5": 0.35135135135135137, "6": 0.35309503051438534, "7": 0.3400174367916303, "8": 0.3456843940714908, "9": 0.34742807323452485, "10": 0.35876198779424584, "11": 0.35571054925893636, "12": 0.3526591107236269, "13": 0.3631211857018309, "14": 0.3548387096774194, "15": 0.34306887532693986, "16": 0.3469921534437663, "17": 0.35440278988666085, "18": 0.3583260680034874, "19": 0.3548387096774194, "20": 0.34437663469921537, "21": 0.3491717523975589, "22": 0.35178727114210984, "23": 0.34786399302528337, "24": 0.34437663469921537, "25": 0.34612031386224934, "26": 0.3469921534437663, "27": 0.34394071490845685, "28": 0.34612031386224934, "29": 0.35135135135135137, "30": 0.34524847428073235, "31": 0.34786399302528337, "32": 0.35571054925893636, "33": 0.34437663469921537, "34": 0.34742807323452485, "35": 0.34481255448997383, "36": 0.3456843940714908, "37": 0.3469921534437663, "38": 0.34829991281604183, "39": 0.3491717523975589, "40": 0.34742807323452485, "41": 0.3435047951176983, "42": 0.3456843940714908, "43": 0.34176111595466435, "44": 0.34655623365300786, "45": 0.33827375762859635, "46": 0.34176111595466435, "47": 0.3400174367916303, "48": 0.34742807323452485, "49": 0.3435047951176983, "50": 0.34437663469921537}}