{"learning rate": 2.5e-05, "epoch_accuracy": {"1.0": 0.5125516895701934, "2.0": 0.5230775656823023, "3.0": 0.5276930788187628, "4.0": 0.5304707405705693, "5.0": 0.5335199030951088, "6.0": 0.5360678334238336, "7.0": 0.5398061902176183, "8.0": 0.539827074892444, "9.0": 0.5417066956267491, "10.0": 0.5440875485568689, "11.0": 0.5430850841652396, "12.0": 0.545110897623324, "13.0": 0.5461133620149534, "14.0": 0.5480556367737355, "15.0": 0.5509586065744956, "16.0": 0.5519401862912995, "17.0": 0.5495384486863539, "18.0": 0.5507079904765882, "19.0": 0.5507079904765882, "20.0": 0.5529217660081033, "21.0": 0.552504072511591, "22.0": 0.555636773735433, "23.0": 0.5564721607284575, "24.0": 0.555636773735433, "25.0": 0.5560753519067708, "26.0": 0.5582473580886346, "27.0": 0.5566392381270624, "28.0": 0.557036046948749, "29.0": 0.5581847040641578, "30.0": 0.5555950043857817, "31.0": 0.5593333611795664, "32.0": 0.5593960152040433, "33.0": 0.5604820182949751, "34.0": 0.5590618604068335, "35.0": 0.5622989850048035, "36.0": 0.5614844826866046, "37.0": 0.5631970260223048, "38.0": 0.5632387953719561, "39.0": 0.5660791111482394, "40.0": 0.564053297690155, "41.0": 0.5667265360678334, "42.0": 0.5639697589908526, "43.0": 0.5674157303370787, "44.0": 0.5661835345223675, "45.0": 0.5659746877741113, "46.0": 0.5683346560294056, "47.0": 0.5708825863581304, "48.0": 0.5695250824944655, "49.0": 0.5704857775364438, "50.0": 0.5716553193266781}}