{"learning rate": 0.00025, "epoch_accuracy": {"1.0": 0.5952363922466204, "2.0": 0.6007796294971748, "3.0": 0.6046420141620771, "4.0": 0.6122952578499392, "5.0": 0.6149059437808454, "6.0": 0.6169086617552393, "7.0": 0.6181961233102067, "8.0": 0.6219512195121951, "9.0": 0.6193405335812889, "10.0": 0.6180530720263214, "11.0": 0.6224161361848223, "12.0": 0.6249195336528145, "13.0": 0.622845290036478, "14.0": 0.6223088477219083, "15.0": 0.6249552964737859, "16.0": 0.6275659824046921, "17.0": 0.626206995207782, "18.0": 0.6259208926400115, "19.0": 0.6244546169801874, "20.0": 0.6322509119519347, "21.0": 0.633967527358558, "22.0": 0.6380802517702596, "23.0": 0.6337887132537015, "24.0": 0.6374365209927759, "25.0": 0.6433016236320721, "26.0": 0.6414419569415636, "27.0": 0.6366855017523783, "28.0": 0.6472355339389171, "29.0": 0.6471997711179458, "30.0": 0.6508118160360489, "31.0": 0.6546026750590087, "32.0": 0.6513482583506187, "33.0": 0.6535297904298691, "34.0": 0.6571418353479722, "35.0": 0.656319290465632, "36.0": 0.6590730276804234, "37.0": 0.6642943995422359, "38.0": 0.6646162649309778, "39.0": 0.6666905085473143, "40.0": 0.6682640726700522, "41.0": 0.6683355983119948, "42.0": 0.6700164508976468, "43.0": 0.6689793290894785, "44.0": 0.6726628996495243, "45.0": 0.6723767970817538, "46.0": 0.6696230598669624, "47.0": 0.6701595021815321, "48.0": 0.6725913740075817, "49.0": 0.672841713754381, "50.0": 0.6748086689078034, "51.0": 0.6751305342965453, "52.0": 0.6755596881482011, "53.0": 0.6759530791788856, "54.0": 0.6777412202274515, "55.0": 0.6770974894499678, "56.0": 0.6785995279307632, "57.0": 0.675774265074029, "58.0": 0.6752378227594593, "59.0": 0.6787425792146484, "60.0": 0.6771332522709391, "61.0": 0.6789571561404764, "62.0": 0.6809241112938988, "63.0": 0.6770617266289964, "64.0": 0.6779557971532795, "65.0": 0.6764537586724841, "66.0": 0.6766325727773407, "67.0": 0.6802446176954439, "68.0": 0.679708175380874, "69.0": 0.6840354767184036, "70.0": 0.6774193548387096, "71.0": 0.6831414061941206, "72.0": 0.6801373292325299, "73.0": 0.6843931049281168, "74.0": 0.6806022459051569, "75.0": 0.6825334382376081, "76.0": 0.6811029253987555, "77.0": 0.6859309062298834, "78.0": 0.6808525856519563, "79.0": 0.683177169015092, "80.0": 0.6857163293040555, "81.0": 0.6835705600457764, "82.0": 0.6818539446391532, "83.0": 0.68285530362635, "84.0": 0.6840712395393749, "85.0": 0.6858951434089121, "86.0": 0.6834275087618912, "87.0": 0.6832129318360632, "88.0": 0.6884343036978757, "89.0": 0.6882197267720478, "90.0": 0.6881482011301051, "91.0": 0.690258207567413, "92.0": 0.6875402331735927, "93.0": 0.6894356626850726, "94.0": 0.6887561690866175, "95.0": 0.6876117588155354, "96.0": 0.6920463486159788, "97.0": 0.6933695729919176, "98.0": 0.6879693870252486, "99.0": 0.6939417781274587, "100.0": 0.6890065088334167}}