{"epoch_accuracy": {"1": 0.8004866180048662, "2": 0.7980535279805353, "3": 0.7980535279805353, "4": 0.8004866180048662, "5": 0.7956204379562044, "6": 0.7956204379562044, "7": 0.7980535279805353, "8": 0.8004866180048662, "9": 0.805352798053528, "10": 0.8077858880778589, "11": 0.805352798053528, "12": 0.7931873479318735, "13": 0.7907542579075426, "14": 0.7980535279805353, "15": 0.7956204379562044, "16": 0.7956204379562044, "17": 0.7980535279805353, "18": 0.7956204379562044, "19": 0.7980535279805353, "20": 0.8077858880778589, "21": 0.8102189781021898, "22": 0.8004866180048662, "23": 0.8029197080291971, "24": 0.8150851581508516, "25": 0.8150851581508516, "26": 0.8175182481751825, "27": 0.8199513381995134, "28": 0.8223844282238443, "29": 0.8199513381995134, "30": 0.8272506082725061, "31": 0.8223844282238443, "32": 0.8272506082725061, "33": 0.8223844282238443, "34": 0.8223844282238443, "35": 0.8175182481751825, "36": 0.8199513381995134, "37": 0.8175182481751825, "38": 0.8199513381995134, "39": 0.8150851581508516, "40": 0.8175182481751825, "41": 0.8150851581508516, "42": 0.8199513381995134, "43": 0.8150851581508516, "44": 0.8126520681265207, "45": 0.8150851581508516, "46": 0.8102189781021898, "47": 0.8150851581508516, "48": 0.8150851581508516, "49": 0.8150851581508516, "50": 0.8175182481751825, "51": 0.8199513381995134, "52": 0.8150851581508516, "53": 0.8150851581508516, "54": 0.8175182481751825, "55": 0.8175182481751825, "56": 0.8223844282238443, "57": 0.8199513381995134, "58": 0.8175182481751825, "59": 0.8150851581508516, "60": 0.8126520681265207, "61": 0.8150851581508516, "62": 0.8199513381995134, "63": 0.8248175182481752, "64": 0.8272506082725061, "65": 0.8272506082725061, "66": 0.8223844282238443, "67": 0.8199513381995134, "68": 0.8199513381995134, "69": 0.8175182481751825, "70": 0.8199513381995134, "71": 0.8223844282238443, "72": 0.8223844282238443, "73": 0.8223844282238443, "74": 0.8223844282238443, "75": 0.8248175182481752, "76": 0.8223844282238443, "77": 0.8248175182481752, "78": 0.8248175182481752, "79": 0.8248175182481752, "80": 0.8223844282238443, "81": 0.829683698296837, "82": 0.829683698296837, "83": 0.8272506082725061, "84": 0.829683698296837, "85": 0.829683698296837, "86": 0.8272506082725061, "87": 0.8321167883211679, "88": 0.8272506082725061, "89": 0.8272506082725061, "90": 0.8321167883211679, "91": 0.8394160583941606, "92": 0.8418491484184915, "93": 0.8394160583941606, "94": 0.8394160583941606, "95": 0.8272506082725061, "96": 0.8321167883211679, "97": 0.8345498783454988, "98": 0.8345498783454988, "99": 0.8345498783454988, "100": 0.8369829683698297}}