{"epoch_accuracy": {"1": 0.6614546316038854, "2": 0.6593224354418384, "3": 0.6569533285951196, "4": 0.6574271499644634, "5": 0.6586117033878227, "6": 0.6569533285951197, "7": 0.6597962568111821, "8": 0.6616915422885571, "9": 0.6626391850272446, "10": 0.6654821132433072, "11": 0.663823738450604, "12": 0.6612177209192134, "13": 0.6605069888651979, "14": 0.6624022743425728, "15": 0.6616915422885572, "16": 0.6590855247571665, "17": 0.6602700781805261, "18": 0.6571902392797917, "19": 0.6574271499644635, "20": 0.6628760957119167, "21": 0.6619284529732292, "22": 0.6600331674958542, "23": 0.6645344705046199, "24": 0.6671404880360104, "25": 0.6661928452973229, "26": 0.6664297559819948, "27": 0.6709310589907604, "28": 0.6782752902155886, "29": 0.6740108978914949, "30": 0.6744847192608385, "31": 0.6740108978914948, "32": 0.6761430940535418, "33": 0.6796967543236201, "34": 0.6785122009002607, "35": 0.6808813077469795, "36": 0.6820658611703388, "37": 0.67590618336887, "38": 0.6749585406301823, "39": 0.6716417910447762, "40": 0.6766169154228856, "41": 0.6763800047382138, "42": 0.6787491115849325, "43": 0.6789860222696044, "44": 0.6763800047382138, "45": 0.6785122009002605, "46": 0.6792229329542763, "47": 0.6782752902155889, "48": 0.6792229329542762, "49": 0.678038379530917, "50": 0.6778014688462449, "51": 0.6799336650082919, "52": 0.6789860222696044, "53": 0.6801705756929637, "54": 0.67969675432362, "55": 0.6785122009002605, "56": 0.6811182184316512, "57": 0.6785122009002605, "58": 0.6759061833688699, "59": 0.6733001658374793, "60": 0.6737739872068231, "61": 0.6787491115849325, "62": 0.6804074863776356, "63": 0.6820658611703387, "64": 0.6820658611703388, "65": 0.6832504145936983, "66": 0.685856432125089, "67": 0.6865671641791045, "68": 0.685619521440417, "69": 0.6823027718550108, "70": 0.6818289504856669, "71": 0.6825396825396826, "72": 0.6853826107557451, "73": 0.685619521440417, "74": 0.6872778962331201, "75": 0.6891731817104951, "76": 0.6870409855484482, "77": 0.68727789623312, "78": 0.6898839137645109, "79": 0.6903577351338546, "80": 0.6882255389718076, "81": 0.6910684671878703, "82": 0.6901208244491827, "83": 0.6863302534944326, "84": 0.6877517176024639, "85": 0.6863302534944326, "86": 0.6830135039090263, "87": 0.6823027718550106, "88": 0.6799336650082918, "89": 0.6801705756929637, "90": 0.681355129116323, "91": 0.6832504145936982, "92": 0.6868040748637764, "93": 0.6839611466477137, "94": 0.6860933428097606, "95": 0.6823027718550106, "96": 0.6844349680170576, "97": 0.6839611466477138, "98": 0.6849087893864014, "99": 0.6827765932243545, "100": 0.6868040748637765}}