{"epoch_accuracy": {"1": 0.9233278955954323, "2": 0.9257121345212699, "3": 0.9279708871878529, "4": 0.930229639854436, "5": 0.9319864474840005, "6": 0.9344961726690927, "7": 0.9356255490023843, "8": 0.9377588154097126, "9": 0.9385117329652403, "10": 0.939892081817041, "11": 0.9412724306688418, "12": 0.9418998619651148, "13": 0.9435311833354247, "14": 0.943782155853934, "15": 0.9446605596687163, "16": 0.9449115321872255, "17": 0.9455389634834985, "18": 0.9461663947797716, "19": 0.9470447985945539, "20": 0.9471702848538085, "21": 0.9479232024093361, "22": 0.9486761199648639, "23": 0.9490525787426277, "24": 0.9491780650018823, "25": 0.9493035512611369, "26": 0.9496800100389008, "27": 0.9499309825574099, "28": 0.9510603588907015, "29": 0.9513113314092106, "30": 0.9516877901869746, "31": 0.9519387627054837, "32": 0.952189735223993, "33": 0.9524407077425022, "34": 0.9531936252980299, "35": 0.9540720291128122, "36": 0.9543230016313213, "37": 0.9545739741498306, "38": 0.9548249466683398, "39": 0.9553268917053582, "40": 0.9555778642238675, "41": 0.956079809260886, "42": 0.9563307817793951, "43": 0.9568327268164136, "44": 0.9570836993349229, "45": 0.9578366168904505, "46": 0.9584640481867236, "47": 0.9587150207052327, "48": 0.9590914794829967, "49": 0.9594679382607605, "50": 0.9599698832977789, "51": 0.9608482871125612, "52": 0.961224745890325, "53": 0.9613502321495796, "54": 0.9614757184088343, "55": 0.9616012046680888, "56": 0.9621031497051072, "57": 0.9622286359643619, "58": 0.9624796084828712, "59": 0.9631070397791441, "60": 0.9634834985569081, "61": 0.9639854435939265, "62": 0.9646128748901995, "63": 0.9651148199272179, "64": 0.9654912787049819, "65": 0.9656167649642364, "66": 0.9658677374827457, "67": 0.9664951687790186, "68": 0.9666206550382733, "69": 0.9671226000752917, "70": 0.9672480863345464, "71": 0.9676245451123102, "72": 0.9677500313715648, "73": 0.9681264901493286, "74": 0.9688794077048564, "75": 0.9690048939641109, "76": 0.9695068390011293, "77": 0.969632325260384, "78": 0.9698832977788933, "79": 0.9702597565566571, "80": 0.9707617015936755, "81": 0.9707617015936755, "82": 0.9708871878529302, "83": 0.971263646630694, "84": 0.9713891328899485, "85": 0.9716401054084578, "86": 0.9720165641862216, "87": 0.9721420504454762, "88": 0.9722675367047309, "89": 0.9723930229639854, "90": 0.97251850922324, "91": 0.9726439954824947, "92": 0.9726439954824947, "93": 0.9726439954824947, "94": 0.9728949680010038, "95": 0.9728949680010038, "96": 0.9731459405195131, "97": 0.9732714267787678, "98": 0.9733969130380223, "99": 0.9735223992972769, "100": 0.9738988580750407}}