{"learning rate": 2.5e-05, "epoch_accuracy": {"1":0.36574, "2":0.35484, "3":0.35833 , "4":0.348736, "5": 0.34829991281604183, "6": 0.35309503051438534, "7": 0.3618134263295554, "8": 0.3644289450741064, "9": 0.35789014821272885, "10": 0.3526591107236269, "11": 0.35440278988666085, "12": 0.35789014821272885, "13": 0.3561464690496949, "14": 0.35178727114210984, "15": 0.35919790758500436, "16": 0.35135135135135137, "17": 0.35658238884045335, "18": 0.35571054925893636, "19": 0.35353095030514387, "20": 0.34873583260680036, "21": 0.34873583260680036, "22": 0.35178727114210984, "23": 0.3548387096774194, "24": 0.35047951176983433, "25": 0.34742807323452485, "26": 0.35396687009590233, "27": 0.34176111595466435, "28": 0.34873583260680036, "29": 0.35440278988666085, "30": 0.34481255448997383, "31": 0.35135135135135137, "32": 0.3561464690496949, "33": 0.35004359197907586, "34": 0.35091543156059285, "35": 0.3561464690496949, "36": 0.34829991281604183, "37": 0.35527462946817784, "38": 0.35353095030514387, "39": 0.35047951176983433, "40": 0.35091543156059285, "41": 0.3435047951176983, "42": 0.34612031386224934, "43": 0.35353095030514387, "44": 0.34394071490845685, "45": 0.3456843940714908, "46": 0.35527462946817784, "47": 0.34524847428073235, "48": 0.34088927637314737, "49": 0.34786399302528337, "50": 0.33827375762859635}}
