{"learning rate": 2.5e-05, "epoch_accuracy": {"1.0": 0.7455117426913273, "2.0": 0.7634647719260184, "3.0": 0.7717090632966318, "4.0": 0.7763735965721105, "5.0": 0.7806584585344687, "6.0": 0.7834246352443456, "7.0": 0.7860280956771709, "8.0": 0.7876552584476867, "9.0": 0.7890654661821338, "10.0": 0.7892824212182026, "11.0": 0.7911265390247871, "12.0": 0.7921570754461138, "13.0": 0.7931876118674405, "14.0": 0.7941096707707328, "15.0": 0.7948690133969735, "16.0": 0.7956283560232141, "17.0": 0.7966588924445409, "18.0": 0.7973097575527472, "19.0": 0.7982318164560395, "20.0": 0.798936920323263, "21.0": 0.7996962629495037, "22.0": 0.7998589792265552, "23.0": 0.8001301730216412, "24.0": 0.800618321852796, "25.0": 0.800889515647882, "26.0": 0.8016488582741227, "27.0": 0.8020827683462602, "28.0": 0.8023539621413462, "29.0": 0.8028963497315181, "30.0": 0.8033302598036557, "31.0": 0.8038726473938276, "32.0": 0.8043065574659651, "33.0": 0.8043065574659651, "34.0": 0.8049574225741715, "35.0": 0.8052286163692575, "36.0": 0.8056082876823778, "37.0": 0.8058794814774638, "38.0": 0.8060964365135326, "39.0": 0.8063133915496014, "40.0": 0.8069100178987905, "41.0": 0.807343927970928, "42.0": 0.8074524054889625, "43.0": 0.8079947930791344, "44.0": 0.8082659868742204, "45.0": 0.808754135705375, "46.0": 0.809025329500461, "47.0": 0.809296523295547, "48.0": 0.8095134783316158, "49.0": 0.8099473884037534, "50.0": 0.8101101046808049}}