{"epoch_accuracy": {"1": 0.8504344610833795, "2": 0.8524681087077094, "3": 0.8554261416158255, "4": 0.8575522277685339, "5": 0.8592161212793492, "6": 0.8634682935847662, "7": 0.8661490109077463, "8": 0.8672582732482899, "9": 0.868737289702348, "10": 0.8691070438158625, "11": 0.8700314290996487, "12": 0.8708633758550564, "13": 0.8713255684969495, "14": 0.8721575152523572, "15": 0.8726197078942504, "16": 0.872712146422629, "17": 0.8739138472915511, "18": 0.8743760399334443, "19": 0.874930671103716, "20": 0.874930671103716, "21": 0.8752079866888519, "22": 0.8751155481604733, "23": 0.8767794416712886, "24": 0.8783508966537252, "25": 0.879922351636162, "26": 0.8809391754483269, "27": 0.8830652616010353, "28": 0.8839896468848216, "29": 0.8854686633388796, "30": 0.8875023109632094, "31": 0.8899057127010538, "32": 0.8924939914956553, "33": 0.8941578850064706, "34": 0.8956369014605288, "35": 0.8964688482159364, "36": 0.898317618783509, "37": 0.8989646884821594, "38": 0.9000739508227029, "39": 0.9014605287483823, "40": 0.9039563690146053, "41": 0.9046034387132557, "42": 0.9053429469402847, "43": 0.9078387872065077, "44": 0.9086707339619153, "45": 0.9083934183767794, "46": 0.9093178036605657, "47": 0.910242188944352, "48": 0.9111665742281383, "49": 0.9115363283416528, "50": 0.9132926603808468, "51": 0.9143094841930116, "52": 0.9155111850619339, "53": 0.9160658162322056, "54": 0.9162506932889628, "55": 0.9159733777038269, "56": 0.9161582547605842, "57": 0.9165280088740987, "58": 0.9170826400443705, "59": 0.9175448326862636, "60": 0.9190238491403216, "61": 0.9192087261970789, "62": 0.9191162876687003, "63": 0.9196709188389721, "64": 0.919948234424108, "65": 0.9195784803105934, "66": 0.9197633573673507, "67": 0.9203179885376225, "68": 0.9205028655943798, "69": 0.9197633573673507, "70": 0.9197633573673507, "71": 0.9204104270660011, "72": 0.9208726197078942, "73": 0.9210574967646515, "74": 0.920687742651137, "75": 0.9207801811795157, "76": 0.921427250878166, "77": 0.9213348123497874, "78": 0.9213348123497874, "79": 0.9217045664633019, "80": 0.9218894435200592, "81": 0.9221667591051951, "82": 0.9223516361619523, "83": 0.9223516361619523, "84": 0.9225365132187096, "85": 0.922906267332224, "86": 0.9227213902754668, "87": 0.9231835829173599, "88": 0.9229987058606027, "89": 0.9234608985024958, "90": 0.9238306526160104, "91": 0.9230911443889813, "92": 0.9240155296727676, "93": 0.924662599371418, "94": 0.9254945461268257, "95": 0.9259567387687188, "96": 0.9263264928822333, "97": 0.9264189314106119, "98": 0.927158439637641, "99": 0.9280828249214272, "100": 0.9287298946200776}}