{"epoch_accuracy": {"1": 0.8652524294856601, "2": 0.8663190329461958, "3": 0.8684522398672672, "4": 0.8710594927707987, "5": 0.8733112111874852, "6": 0.8753259066129414, "7": 0.8769850675515525, "8": 0.8795923204550842, "9": 0.8810144584024651, "10": 0.8821995733586158, "11": 0.8835031998103816, "12": 0.8849253377577625, "13": 0.8855178952358379, "14": 0.8856364067314529, "15": 0.8859919412182982, "16": 0.8863474757051434, "17": 0.8867030101919886, "18": 0.8870585446788338, "19": 0.887414079165679, "20": 0.8883621711305997, "21": 0.8891917515999052, "22": 0.8902583550604408, "23": 0.8921545389902821, "24": 0.8942877459113534, "25": 0.8974875562929604, "26": 0.9009243896657976, "27": 0.9044797345342498, "28": 0.9068499644465513, "29": 0.9082721023939322, "30": 0.9106423323062337, "31": 0.9123014932448448, "32": 0.9150272576439915, "33": 0.9168049300782176, "34": 0.9184640910168287, "35": 0.9204787864422849, "36": 0.9214268784072055, "37": 0.922256458876511, "38": 0.9233230623370466, "39": 0.9251007347712729, "40": 0.9258118037449633, "41": 0.9272339416923442, "42": 0.9280635221616497, "43": 0.9288931026309551, "44": 0.9291301256221853, "45": 0.9294856601090306, "46": 0.9296041716046457, "47": 0.930196729082721, "48": 0.9306707750651814, "49": 0.9313818440388718, "50": 0.9313818440388718, "51": 0.9319744015169471, "52": 0.9322114245081773, "53": 0.9324484474994075, "54": 0.9328039819862527, "55": 0.9330410049774828, "56": 0.9336335624555582, "57": 0.9339890969424034, "58": 0.9341076084380184, "59": 0.9341076084380184, "60": 0.9339890969424034, "61": 0.9345816544204788, "62": 0.934937188907324, "63": 0.9350557004029391, "64": 0.9352927233941692, "65": 0.9355297463853994, "66": 0.9356482578810145, "67": 0.9363593268547049, "68": 0.9365963498459351, "69": 0.9367148613415501, "70": 0.9369518843327803, "71": 0.9373074188196255, "72": 0.9376629533064708, "73": 0.938018487793316, "74": 0.938136999288931, "75": 0.9383740222801612, "76": 0.9383740222801612, "77": 0.9387295567670064, "78": 0.9387295567670064, "79": 0.9389665797582365, "80": 0.9390850912538516, "81": 0.9392036027494667, "82": 0.9393221142450817, "83": 0.9393221142450817, "84": 0.9393221142450817, "85": 0.9394406257406969, "86": 0.9399146717231571, "87": 0.9399146717231571, "88": 0.9400331832187723, "89": 0.9400331832187723, "90": 0.9401516947143873, "91": 0.9403887177056175, "92": 0.9409812751836928, "93": 0.9420478786442285, "94": 0.9427589476179189, "95": 0.9437070395828395, "96": 0.9451291775302204, "97": 0.9456032235126808, "98": 0.945958757999526, "99": 0.9463142924863712, "100": 0.9467883384688315}}