{"learning rate": 0.00025, "epoch_accuracy": {"1": 0.35571054925893636, "2": 0.35701830863121187, "3": 0.35527462946817784, "4": 0.3491717523975589, "5": 0.33914559721011334, "6": 0.35135135135135137, "7": 0.34829991281604183, "8": 0.33740191804707936, "9": 0.35222319093286836, "10": 0.33740191804707936, "11": 0.34829991281604183, "12": 0.34437663469921537, "13": 0.33740191804707936, "14": 0.35222319093286836, "15": 0.35178727114210984, "16": 0.3469921534437663, "17": 0.34786399302528337, "18": 0.35091543156059285, "19": 0.3435047951176983, "20": 0.34960767218831734, "21": 0.34045335658238884, "22": 0.34394071490845685, "23": 0.33609415867480386, "24": 0.34742807323452485, "25": 0.3469921534437663, "26": 0.3365300784655623, "27": 0.34176111595466435, "28": 0.35091543156059285, "29": 0.34786399302528337, "30": 0.33740191804707936, "31": 0.35135135135135137, "32": 0.3352223190932868, "33": 0.34873583260680036, "34": 0.33783783783783783, "35": 0.35004359197907586, "36": 0.34742807323452485, "37": 0.33827375762859635, "38": 0.34612031386224934, "39": 0.34742807323452485, "40": 0.35396687009590233, "41": 0.34481255448997383, "42": 0.3435047951176983, "43": 0.33740191804707936, "44": 0.34132519616390583, "45": 0.34132519616390583, "46": 0.3343504795117698, "47": 0.34481255448997383, "48": 0.34873583260680036, "49": 0.3421970357454228, "50": 0.34655623365300786}}