{"learning rate": 7.5e-05, "epoch_accuracy": {"1.0": 0.5339539900373246, "2.0": 0.5593715850872089, "3.0": 0.5708385961426564, "4.0": 0.5799781445581369, "5.0": 0.5847466046009963, "6.0": 0.5913316208506592, "7.0": 0.5955465989242581, "8.0": 0.5982714332344635, "9.0": 0.6020748477924585, "10.0": 0.6063607850928856, "11.0": 0.6066588138455643, "12.0": 0.6111434369811106, "13.0": 0.6122929764557286, "14.0": 0.6140385734357039, "15.0": 0.6164369953024992, "16.0": 0.616976285426394, "17.0": 0.6189631437775854, "18.0": 0.6205100549224416, "19.0": 0.6236748364389821, "20.0": 0.6234051913770348, "21.0": 0.6246966493053092, "22.0": 0.6255339681818827, "23.0": 0.6268396179555228, "24.0": 0.6289400110696394, "25.0": 0.6283155698735506, "26.0": 0.6308417183486369, "27.0": 0.6311681307920469, "28.0": 0.631735804606673, "29.0": 0.6356385620822276, "30.0": 0.6357379049997871, "31.0": 0.6357237131544214, "32.0": 0.6397400053929012, "33.0": 0.6395697032485134, "34.0": 0.6401089933724082, "35.0": 0.6440685182294253, "36.0": 0.6416275208265331, "37.0": 0.6427912521465166, "38.0": 0.6433021585796801, "39.0": 0.6434015014972397, "40.0": 0.6475739040347417, "41.0": 0.6479428920142486, "42.0": 0.6483828392205838, "43.0": 0.6504974241800662, "44.0": 0.6486382924371656, "45.0": 0.6501993954273875, "46.0": 0.6521011027063849, "47.0": 0.6507386855512822, "48.0": 0.6518882250259002, "49.0": 0.6532932177170998, "50.0": 0.6525268580673544}}