{"epoch_accuracy": {"1": 0.8507117766685154, "2": 0.8520059160658162, "3": 0.8537622481050101, "4": 0.8550563875023109, "5": 0.8560732113144759, "6": 0.8570900351266408, "7": 0.8581992974671844, "8": 0.8594009983361065, "9": 0.8612497689036791, "10": 0.8631909779996303, "11": 0.8648548715104456, "12": 0.8666112035496395, "13": 0.8684599741172121, "14": 0.8704011832131633, "15": 0.8713255684969495, "16": 0.8723423923091145, "17": 0.8732667775929007, "18": 0.874191162876687, "19": 0.8756701793307451, "20": 0.8771491957848031, "21": 0.8777962654834535, "22": 0.878166019596968, "23": 0.8787206507672398, "24": 0.8796450360510261, "25": 0.8801996672212978, "26": 0.8804769828064337, "27": 0.880661859863191, "28": 0.8810316139767055, "29": 0.8818635607321131, "30": 0.8826030689591422, "31": 0.8830652616010353, "32": 0.8842669624699575, "33": 0.8854686633388796, "34": 0.8863930486226659, "35": 0.8874098724348308, "36": 0.888611573303753, "37": 0.8892586430024034, "38": 0.89083009798484, "39": 0.8917544832686264, "40": 0.8936032538361989, "41": 0.8962839711591791, "42": 0.8980403031983731, "43": 0.899057127010538, "44": 0.9005361434645961, "45": 0.9017378443335182, "46": 0.9033092993159549, "47": 0.9038639304862267, "48": 0.9049731928267702, "49": 0.9058051395821779, "50": 0.9067295248659641}}