{"learning rate": 0.00025, "epoch_accuracy": {"1.0": 0.8545863948803034, "2.0": 0.861934107608438, "3.0": 0.8688077743541124, "4.0": 0.8726001422137948, "5.0": 0.8756814410997866, "6.0": 0.8766295330647073, "7.0": 0.8791182744726238, "8.0": 0.8823180848542309, "9.0": 0.8838587342972268, "10.0": 0.8848068262621475, "11.0": 0.8863474757051434, "12.0": 0.8869400331832188, "13.0": 0.8878881251481394, "14.0": 0.8883621711305997, "15.0": 0.890495378051671, "16.0": 0.8948803033894288, "17.0": 0.899976297700877, "18.0": 0.9010429011614126, "19.0": 0.9056648494904006, "20.0": 0.9077980564114719, "21.0": 0.9102867978193885, "22.0": 0.91265702773169, "23.0": 0.9156198151220668, "24.0": 0.9162123726001422, "25.0": 0.9163308840957572, "26.0": 0.9185826025124437, "27.0": 0.9182270680255985, "28.0": 0.9192936714861342, "29.0": 0.9184640910168287, "30.0": 0.9185826025124437, "31.0": 0.9192936714861342, "32.0": 0.920715809433515, "33.0": 0.9213083669115905, "34.0": 0.9219009243896658, "35.0": 0.9224934818677412, "36.0": 0.9230860393458166, "37.0": 0.9251007347712729, "38.0": 0.9252192462668879, "39.0": 0.9272339416923442, "40.0": 0.9286560796397251, "41.0": 0.9293671486134155, "42.0": 0.9292486371178005, "43.0": 0.9310263095520266, "44.0": 0.9311448210476416, "45.0": 0.9339890969424034, "46.0": 0.9337520739511732, "47.0": 0.9347001659160938, "48.0": 0.9344631429248638, "49.0": 0.9358852808722447, "50.0": 0.9370703958283954}}