{"epoch_accuracy": {"1": 0.8643043375207395, "2": 0.865133917990045, "3": 0.8659634984593506, "4": 0.8670301019198863, "5": 0.8685707513628822, "6": 0.8703484237971083, "7": 0.8715335387532591, "8": 0.8727186537094098, "9": 0.8744963261436359, "10": 0.8754444181085566, "11": 0.8774591135340128, "12": 0.8786442284901635, "13": 0.879473808959469, "14": 0.8814885043849253, "15": 0.8819625503673857, "16": 0.8827921308366912, "17": 0.8838587342972268, "18": 0.8845698032709173, "19": 0.8852808722446077, "20": 0.8863474757051434, "21": 0.8869400331832188, "22": 0.8876511021569092, "23": 0.8880066366437545, "24": 0.8887177056174449, "25": 0.8889547286086751, "26": 0.8894287745911353, "27": 0.8901398435648258, "28": 0.8919175159990519, "29": 0.8927470964683575, "30": 0.8944062574069684, "31": 0.8964209528324247, "32": 0.8980801137710358, "33": 0.9004503436833373, "34": 0.903176108082484, "35": 0.906375918464091, "36": 0.9091016828632378, "37": 0.911116378288694, "38": 0.9134866082009955, "39": 0.9153827921308367, "40": 0.9169234415738327, "41": 0.9178715335387533, "42": 0.9192936714861342, "43": 0.9201232519554396, "44": 0.9211898554159753, "45": 0.9221379473808959, "46": 0.9226119933633562, "47": 0.9235600853282768, "48": 0.9247452002844276, "49": 0.9256932922493482, "50": 0.927115430196729}}