{"epoch_accuracy": {"1": 0.6583747927031509, "2": 0.6593224354418383, "3": 0.660033167495854, "4": 0.6595593461265103, "5": 0.6609808102345416, "6": 0.6609808102345416, "7": 0.6597962568111821, "8": 0.6595593461265103, "9": 0.6614546316038853, "10": 0.6619284529732291, "11": 0.6673773987206824, "12": 0.6673773987206824, "13": 0.6650082918739635, "14": 0.6626391850272447, "15": 0.6612177209192134, "16": 0.6607438995498698, "17": 0.6612177209192135, "18": 0.6616915422885571, "19": 0.6626391850272447, "20": 0.6607438995498696, "21": 0.6607438995498696, "22": 0.661928452973229, "23": 0.6588486140724945, "24": 0.6595593461265101, "25": 0.6597962568111821, "26": 0.6597962568111821, "27": 0.6593224354418384, "28": 0.6614546316038853, "29": 0.6612177209192134, "30": 0.6619284529732291, "31": 0.6612177209192134, "32": 0.6614546316038854, "33": 0.6631130063965884, "34": 0.6638237384506042, "35": 0.6647713811892917, "36": 0.6647713811892917, "37": 0.6657190239279792, "38": 0.662165363657901, "39": 0.6607438995498698, "40": 0.6600331674958542, "41": 0.6614546316038854, "42": 0.6612177209192135, "43": 0.6626391850272447, "44": 0.6631130063965884, "45": 0.662165363657901, "46": 0.6607438995498698, "47": 0.6624022743425728, "48": 0.663823738450604, "49": 0.6633499170812603, "50": 0.6664297559819947}}