{"epoch_accuracy": {"1": 0.8004866180048662, "2": 0.8004866180048662, "3": 0.8029197080291971, "4": 0.8029197080291971, "5": 0.8029197080291971, "6": 0.805352798053528, "7": 0.805352798053528, "8": 0.805352798053528, "9": 0.805352798053528, "10": 0.8077858880778589, "11": 0.8126520681265207, "12": 0.8126520681265207, "13": 0.8102189781021898, "14": 0.8077858880778589, "15": 0.805352798053528, "16": 0.805352798053528, "17": 0.8102189781021898, "18": 0.8126520681265207, "19": 0.8126520681265207, "20": 0.8126520681265207, "21": 0.8126520681265207, "22": 0.8150851581508516, "23": 0.8126520681265207, "24": 0.8126520681265207, "25": 0.8150851581508516, "26": 0.8126520681265207, "27": 0.8175182481751825, "28": 0.8199513381995134, "29": 0.8223844282238443, "30": 0.8199513381995134, "31": 0.8223844282238443, "32": 0.8175182481751825, "33": 0.8223844282238443, "34": 0.8223844282238443, "35": 0.8223844282238443, "36": 0.829683698296837, "37": 0.8272506082725061, "38": 0.8272506082725061, "39": 0.8223844282238443, "40": 0.8248175182481752, "41": 0.8272506082725061, "42": 0.8272506082725061, "43": 0.829683698296837, "44": 0.829683698296837, "45": 0.8272506082725061, "46": 0.8272506082725061, "47": 0.8272506082725061, "48": 0.8272506082725061, "49": 0.829683698296837, "50": 0.829683698296837}}