{"learning rate": 0.00025, "epoch_accuracy": {"1.0": 0.664853017019082, "2.0": 0.6754254770500258, "3.0": 0.6825683341928829, "4.0": 0.6857658586900465, "5.0": 0.6856111397627643, "6.0": 0.6925219185146984, "7.0": 0.6922898401237751, "8.0": 0.6946364105208871, "9.0": 0.6978597215059309, "10.0": 0.6955389375966994, "11.0": 0.7002320783909232, "12.0": 0.6976276431150077, "13.0": 0.7020629190304281, "14.0": 0.7025270758122744, "15.0": 0.7011861784424961, "16.0": 0.703455389375967, "17.0": 0.7054151624548737, "18.0": 0.7029912325941207, "19.0": 0.7055698813821557, "20.0": 0.7065239814337287, "21.0": 0.7045126353790614, "22.0": 0.7071686436307375, "23.0": 0.7121196493037648, "24.0": 0.7148788035069623, "25.0": 0.7206291903042805, "26.0": 0.7207839092315627, "27.0": 0.725219185146983, "28.0": 0.7267148014440433, "29.0": 0.7312532233109851, "30.0": 0.7317173800928314, "31.0": 0.7332129963898917, "32.0": 0.7354048478597215, "33.0": 0.7361526560082516, "34.0": 0.7373904074265085, "35.0": 0.7394533264569365, "36.0": 0.7393759669932956, "37.0": 0.7403816400206292, "38.0": 0.7412068076328004, "39.0": 0.7458483754512636, "40.0": 0.7434760185662713, "41.0": 0.7452552862300155, "42.0": 0.7504125838060857, "43.0": 0.745074780814853, "44.0": 0.7472666322846828, "45.0": 0.7490974729241877, "46.0": 0.7489169675090253, "47.0": 0.7513151108818978, "48.0": 0.7513924703455389, "49.0": 0.7531975244971635, "50.0": 0.7543579164517793, "51.0": 0.7562919030428056, "52.0": 0.7551315110881898, "53.0": 0.7583548220732337, "54.0": 0.7545899948427024, "55.0": 0.7577101598762248, "56.0": 0.7556472408457968, "57.0": 0.7593089221248066, "58.0": 0.7575812274368231, "59.0": 0.7558793192367199, "60.0": 0.7635379061371841, "61.0": 0.7586642599277978, "62.0": 0.7589479112944817, "63.0": 0.7627643115007736, "64.0": 0.7612171222279526, "65.0": 0.7617844249613203, "66.0": 0.7611655492521918, "67.0": 0.7623775141825684, "68.0": 0.7612171222279526, "69.0": 0.7628932439401753, "70.0": 0.761835997937081, "71.0": 0.7635894791129448, "72.0": 0.7637184115523465, "73.0": 0.7644920061887571, "74.0": 0.7625838060856112, "75.0": 0.7630221763795771, "76.0": 0.765214027849407, "77.0": 0.7659360495100568, "78.0": 0.7651624548736462, "79.0": 0.766761217122228, "80.0": 0.76838576585869, "81.0": 0.7706807632800412, "82.0": 0.7706807632800412, "83.0": 0.7685146982980918, "84.0": 0.7705002578648789, "85.0": 0.7690820010314595, "86.0": 0.7710933470861269, "87.0": 0.7692367199587417, "88.0": 0.7687209902011346, "89.0": 0.7720732336255802, "90.0": 0.771841155234657, "91.0": 0.7691077875193398, "92.0": 0.7696493037648272, "93.0": 0.7721763795771016, "94.0": 0.7718927282104178, "95.0": 0.7740845796802476, "96.0": 0.7735688499226405, "97.0": 0.7756059824651882, "98.0": 0.7749355337802991, "99.0": 0.7703971119133574, "100.0": 0.7735172769468799}}