{"epoch_accuracy": {"1": 0.8029197080291971, "2": 0.805352798053528, "3": 0.805352798053528, "4": 0.8004866180048662, "5": 0.8126520681265207, "6": 0.8102189781021898, "7": 0.8150851581508516, "8": 0.8102189781021898, "9": 0.8077858880778589, "10": 0.7956204379562044, "11": 0.7931873479318735, "12": 0.7907542579075426, "13": 0.7883211678832117, "14": 0.7907542579075426, "15": 0.7907542579075426, "16": 0.7980535279805353, "17": 0.8004866180048662, "18": 0.8077858880778589, "19": 0.805352798053528, "20": 0.8004866180048662, "21": 0.7931873479318735, "22": 0.7956204379562044, "23": 0.8029197080291971, "24": 0.7931873479318735, "25": 0.8029197080291971, "26": 0.805352798053528, "27": 0.8126520681265207, "28": 0.8102189781021898, "29": 0.8126520681265207, "30": 0.8175182481751825, "31": 0.8199513381995134, "32": 0.829683698296837, "33": 0.829683698296837, "34": 0.8248175182481752, "35": 0.8175182481751825, "36": 0.8199513381995134, "37": 0.8175182481751825, "38": 0.8199513381995134, "39": 0.829683698296837, "40": 0.8321167883211679, "41": 0.8150851581508516, "42": 0.8175182481751825, "43": 0.8175182481751825, "44": 0.8175182481751825, "45": 0.8223844282238443, "46": 0.8248175182481752, "47": 0.829683698296837, "48": 0.8321167883211679, "49": 0.8345498783454988, "50": 0.8418491484184915, "51": 0.8394160583941606, "52": 0.8442822384428224, "53": 0.8321167883211679, "54": 0.829683698296837, "55": 0.8321167883211679, "56": 0.8248175182481752, "57": 0.8272506082725061, "58": 0.8321167883211679, "59": 0.8272506082725061, "60": 0.8272506082725061, "61": 0.8248175182481752, "62": 0.8321167883211679, "63": 0.8345498783454988, "64": 0.8345498783454988, "65": 0.8248175182481752, "66": 0.8272506082725061, "67": 0.8248175182481752, "68": 0.8272506082725061, "69": 0.829683698296837, "70": 0.8223844282238443, "71": 0.8272506082725061, "72": 0.8345498783454988, "73": 0.8394160583941606, "74": 0.8418491484184915, "75": 0.8418491484184915, "76": 0.8418491484184915, "77": 0.8418491484184915, "78": 0.8369829683698297, "79": 0.8369829683698297, "80": 0.8345498783454988, "81": 0.8272506082725061, "82": 0.8223844282238443, "83": 0.8223844282238443, "84": 0.8248175182481752, "85": 0.829683698296837, "86": 0.829683698296837, "87": 0.829683698296837, "88": 0.8248175182481752, "89": 0.8248175182481752, "90": 0.8248175182481752, "91": 0.8272506082725061, "92": 0.8321167883211679, "93": 0.8345498783454988, "94": 0.8345498783454988, "95": 0.8321167883211679, "96": 0.8369829683698297, "97": 0.8369829683698297, "98": 0.8321167883211679, "99": 0.8321167883211679, "100": 0.8369829683698297}}