{"learning rate": 0.0001, "epoch_accuracy": {"1": 0.35745422842197033, "2": 0.3456843940714908, "3": 0.35571054925893636, "4": 0.35527462946817784, "5": 0.35745422842197033, "6": 0.35353095030514387, "7": 0.35222319093286836, "8": 0.34873583260680036, "9": 0.35091543156059285, "10": 0.35701830863121187, "11": 0.35440278988666085, "12": 0.35047951176983433, "13": 0.34306887532693986, "14": 0.34612031386224934, "15": 0.34306887532693986, "16": 0.35396687009590233, "17": 0.34742807323452485, "18": 0.35135135135135137, "19": 0.3400174367916303, "20": 0.34612031386224934, "21": 0.35178727114210984, "22": 0.34873583260680036, "23": 0.3548387096774194, "24": 0.3491717523975589, "25": 0.33958151700087186, "26": 0.35047951176983433, "27": 0.35571054925893636, "28": 0.36399302528334787, "29": 0.34960767218831734, "30": 0.34524847428073235, "31": 0.35222319093286836, "32": 0.3561464690496949, "33": 0.3561464690496949, "34": 0.35222319093286836, "35": 0.3561464690496949, "36": 0.35222319093286836, "37": 0.35178727114210984, "38": 0.3526591107236269, "39": 0.35919790758500436, "40": 0.35178727114210984, "41": 0.35876198779424584, "42": 0.3548387096774194, "43": 0.35135135135135137, "44": 0.3526591107236269, "45": 0.34742807323452485, "46": 0.35396687009590233, "47": 0.3456843940714908, "48": 0.34829991281604183, "49": 0.34960767218831734, "50": 0.35135135135135137}}