{"learning rate": 1e-05, "epoch_accuracy": {"1.0": 0.48086962740470574, "2.0": 0.4934767728159704, "3.0": 0.5007304788467629, "4.0": 0.5049703211041979, "5.0": 0.5097209877299986, "6.0": 0.5132048099222525, "7.0": 0.5159836944861618, "8.0": 0.5194266507289463, "9.0": 0.5219705560834074, "10.0": 0.5225937618128135, "11.0": 0.5238299567842585, "12.0": 0.5269664184060237, "13.0": 0.5307669517066642, "14.0": 0.5303889416740736, "15.0": 0.533239341649554, "16.0": 0.5342712068736527, "17.0": 0.5366822978923387, "18.0": 0.5375506993185603, "19.0": 0.5397676770772672, "20.0": 0.5380921731490279, "21.0": 0.5396246462541249, "22.0": 0.5415146964170778, "23.0": 0.5411060369223853, "24.0": 0.5433638806305616, "25.0": 0.5430267365474403, "26.0": 0.5444059623420275, "27.0": 0.5444468282914968, "28.0": 0.5468272698480808, "29.0": 0.5465207752270614, "30.0": 0.5478182691227103, "31.0": 0.5486866705489318, "32.0": 0.5479204339963833, "33.0": 0.5512918748275968, "34.0": 0.5512918748275968, "35.0": 0.5517311837843912, "36.0": 0.5503417415024366, "37.0": 0.550678885585558, "38.0": 0.5513531737518007, "39.0": 0.5519048640696356, "40.0": 0.5530184611926727, "41.0": 0.5529673787558361, "42.0": 0.554755264045116, "43.0": 0.554888078380891, "44.0": 0.5547348310703814, "45.0": 0.5550106762292989, "46.0": 0.5547143980956467, "47.0": 0.5558484281934185, "48.0": 0.5570233242406596, "49.0": 0.5585762303204912, "50.0": 0.5562673041754784}}