{"learning rate": 7.5e-05, "epoch_accuracy": {"1": 0.3548387096774194, "2": 0.35919790758500436, "3": 0.35745422842197033, "4": 0.36094158674803833, "5": 0.35396687009590233, "6": 0.35745422842197033, "7": 0.35222319093286836, "8": 0.36137750653879686, "9": 0.35701830863121187, "10": 0.35222319093286836, "11": 0.36224934612031384, "12": 0.36006974716652135, "13": 0.3561464690496949, "14": 0.36094158674803833, "15": 0.34306887532693986, "16": 0.34873583260680036, "17": 0.35701830863121187, "18": 0.35091543156059285, "19": 0.35440278988666085, "20": 0.35876198779424584, "21": 0.34742807323452485, "22": 0.3469921534437663, "23": 0.3526591107236269, "24": 0.34829991281604183, "25": 0.34829991281604183, "26": 0.34742807323452485, "27": 0.35309503051438534, "28": 0.3491717523975589, "29": 0.34612031386224934, "30": 0.3526591107236269, "31": 0.34873583260680036, "32": 0.34481255448997383, "33": 0.3526591107236269, "34": 0.35396687009590233, "35": 0.34742807323452485, "36": 0.34437663469921537, "37": 0.34394071490845685, "38": 0.33827375762859635, "39": 0.35004359197907586, "40": 0.35047951176983433, "41": 0.3435047951176983, "42": 0.34045335658238884, "43": 0.3400174367916303, "44": 0.34524847428073235, "45": 0.34306887532693986, "46": 0.34873583260680036, "47": 0.3435047951176983, "48": 0.3491717523975589, "49": 0.34655623365300786, "50": 0.34655623365300786}}