{"learning rate": 7.5e-05, "epoch_accuracy": {"1.0": 0.6357439241256668, "2.0": 0.6728660343805573, "3.0": 0.6948355068168346, "4.0": 0.709432424422051, "5.0": 0.723658861885003, "6.0": 0.734662122110255, "7.0": 0.7427385892116183, "8.0": 0.7476659751037344, "9.0": 0.7538529934795495, "10.0": 0.7596695317131001, "11.0": 0.7625592768227623, "12.0": 0.7651526378186129, "13.0": 0.7684869590989923, "14.0": 0.7730438648488441, "15.0": 0.7742294013040901, "16.0": 0.7783417308832247, "17.0": 0.7812314759928868, "18.0": 0.7821206283343213, "19.0": 0.7841212211025489, "20.0": 0.7856031416716064, "21.0": 0.7877519264967398, "22.0": 0.7885299347954949, "23.0": 0.7900118553645524, "24.0": 0.791160343805572, "25.0": 0.792345880260818, "26.0": 0.7941982809721398, "27.0": 0.7952726733847065, "28.0": 0.7963841138114996, "29.0": 0.7967916419679905, "30.0": 0.7975696502667458, "31.0": 0.7987922347362182, "32.0": 0.8007557794902194, "33.0": 0.8017560758743332, "34.0": 0.8040901007705987, "35.0": 0.8060906935388263, "36.0": 0.806905749851808, "37.0": 0.8072391819798459, "38.0": 0.8085358624777712, "39.0": 0.8089063426200356, "40.0": 0.8090545346769413, "41.0": 0.809536158861885, "42.0": 0.8113515115589804, "43.0": 0.8109439834024896, "44.0": 0.8113515115589804, "45.0": 0.8118331357439241, "46.0": 0.8128334321280379, "47.0": 0.8142412566686426, "48.0": 0.8152786010669828, "49.0": 0.8148340248962656, "50.0": 0.8161677534084173}}