{"learning rate": 0.00025, "epoch_accuracy": {"1": 0.34960767218831734, "2": 0.35178727114210984, "3": 0.35396687009590233, "4": 0.35876198779424584, "5": 0.35701830863121187, "6": 0.34524847428073235, "7": 0.36050566695727987, "8": 0.3526591107236269, "9": 0.35178727114210984, "10": 0.34829991281604183, "11": 0.35440278988666085, "12": 0.35396687009590233, "13": 0.35004359197907586, "14": 0.35222319093286836, "15": 0.35178727114210984, "16": 0.34176111595466435, "17": 0.35047951176983433, "18": 0.35309503051438534, "19": 0.34742807323452485, "20": 0.35091543156059285, "21": 0.35047951176983433, "22": 0.35396687009590233, "23": 0.34960767218831734, "24": 0.34960767218831734, "25": 0.35919790758500436, "26": 0.3548387096774194, "27": 0.35658238884045335, "28": 0.35309503051438534, "29": 0.35658238884045335, "30": 0.34960767218831734, "31": 0.34742807323452485, "32": 0.35440278988666085, "33": 0.3561464690496949, "34": 0.34263295553618134, "35": 0.3561464690496949, "36": 0.35004359197907586, "37": 0.35004359197907586, "38": 0.35527462946817784, "39": 0.34742807323452485, "40": 0.34873583260680036, "41": 0.3421970357454228, "42": 0.36050566695727987, "43": 0.34786399302528337, "44": 0.35396687009590233, "45": 0.35396687009590233, "46": 0.35222319093286836, "47": 0.3583260680034874, "48": 0.36006974716652135, "49": 0.36137750653879686, "50": 0.34960767218831734}}