{"learning rate": 0.0001, "epoch_accuracy": {"1.0": 0.6381520450503853, "2.0": 0.6769042679312389, "3.0": 0.7004297569650266, "4.0": 0.7193242442205098, "5.0": 0.728326911677534, "6.0": 0.7400340841730884, "7.0": 0.7475177830468287, "8.0": 0.7552978660343805, "9.0": 0.7584098992294013, "10.0": 0.7648192056905749, "11.0": 0.7684128630705395, "12.0": 0.7718212803793717, "13.0": 0.7753037937166568, "14.0": 0.7780823947836396, "15.0": 0.7788974510966212, "16.0": 0.7803423236514523, "17.0": 0.7860847658565501, "18.0": 0.7887522228808536, "19.0": 0.7890486069946651, "20.0": 0.7907528156490812, "21.0": 0.791419679905157, "22.0": 0.7939018968583283, "23.0": 0.795902489626556, "24.0": 0.7978289863663308, "25.0": 0.8003482513337286, "26.0": 0.8004223473621814, "27.0": 0.8016078838174274, "28.0": 0.8033120924718435, "29.0": 0.8072762299940723, "30.0": 0.8072021339656195, "31.0": 0.8093509187907528, "32.0": 0.8088692946058091, "33.0": 0.8096843509187908, "34.0": 0.8107957913455839, "35.0": 0.8129075281564908, "36.0": 0.8127593360995851, "37.0": 0.8140930646117368, "38.0": 0.8152045050385299, "39.0": 0.8137966804979253, "40.0": 0.8136114404267931, "41.0": 0.8156861292234736, "42.0": 0.817242145820984, "43.0": 0.817501481920569, "44.0": 0.8183906342620035, "45.0": 0.8195761707172495, "46.0": 0.8193538826318909, "47.0": 0.8213174273858921, "48.0": 0.8212062833432128, "49.0": 0.8218360995850622, "50.0": 0.8217990515708358}}