{"learning rate": 1e-05, "epoch_accuracy": {"1":0.352, "2":0.354, "3":0.357 , "4":0.353, "5": 0.35309503051438534, "6": 0.35440278988666085, "7": 0.35396687009590233, "8": 0.3491717523975589, "9": 0.35527462946817784, "10": 0.35047951176983433, "11": 0.34786399302528337, "12": 0.3526591107236269, "13": 0.3653007846556234, "14": 0.36355710549258935, "15": 0.3674803836094159, "16": 0.3526591107236269, "17": 0.3561464690496949, "18": 0.3583260680034874, "19": 0.35527462946817784, "20": 0.35178727114210984, "21": 0.36094158674803833, "22": 0.3526591107236269, "23": 0.36224934612031384, "24": 0.34960767218831734, "25": 0.3548387096774194, "26": 0.35789014821272885, "27": 0.3548387096774194, "28": 0.3561464690496949, "29": 0.34873583260680036, "30": 0.35135135135135137, "31": 0.35701830863121187, "32": 0.35396687009590233, "33": 0.35091543156059285, "34": 0.35658238884045335, "35": 0.3548387096774194, "36": 0.35919790758500436, "37": 0.34786399302528337, "38": 0.35353095030514387, "39": 0.3548387096774194, "40": 0.35309503051438534, "41": 0.35527462946817784, "42": 0.35091543156059285, "43": 0.35440278988666085, "44": 0.35789014821272885, "45": 0.35396687009590233, "46": 0.35440278988666085, "47": 0.3596338273757629, "48": 0.34655623365300786, "49": 0.35135135135135137, "50": 0.35919790758500436}}
