{"learning rate": 1e-05, "epoch_accuracy": {"1.0": 0.7402505830666595, "2.0": 0.7566306882898519, "3.0": 0.7634647719260184, "4.0": 0.7679123501654282, "5.0": 0.7708954819113739, "6.0": 0.7724684059228725, "7.0": 0.7760481640180072, "8.0": 0.7771871779573684, "9.0": 0.7790312957639529, "10.0": 0.780170309703314, "11.0": 0.7821771437869501, "12.0": 0.783261918967294, "13.0": 0.7845636491837067, "14.0": 0.7848348429787927, "15.0": 0.7854314693279818, "16.0": 0.78662472202636, "17.0": 0.7877094972067039, "18.0": 0.7881434072788415, "19.0": 0.7886857948690134, "20.0": 0.7892824212182026, "21.0": 0.7893366599772197, "22.0": 0.790529912675598, "23.0": 0.7909638227477356, "24.0": 0.7912892553018387, "25.0": 0.7920485979280794, "26.0": 0.7928079405543201, "27.0": 0.7930248955903889, "28.0": 0.7934045669035092, "29.0": 0.7941096707707328, "30.0": 0.7944351033248359, "31.0": 0.7946520583609047, "32.0": 0.7954114009871455, "33.0": 0.7961707436133861, "34.0": 0.7960080273363346, "35.0": 0.7965504149265065, "36.0": 0.7970385637576612, "37.0": 0.7974182350707816, "38.0": 0.7975809513478331, "39.0": 0.7981775776970222, "40.0": 0.7988284428052286, "41.0": 0.798936920323263, "42.0": 0.7992623528773661, "43.0": 0.7995877854314694, "44.0": 0.7999674567445897, "45.0": 0.80034712805771, "46.0": 0.8004013668167272, "47.0": 0.8005098443347616, "48.0": 0.800618321852796, "49.0": 0.8008352768888648, "50.0": 0.8012149482019851}}