{"learning rate": 0.001, "epoch_accuracy": {"1.0": 0.2433576634659665, "2.0": 0.2772358144960718, "3.0": 0.3639589535113433, "4.0": 0.37605866874588256, "5.0": 0.3921372883507572, "6.0": 0.40198802497763375, "7.0": 0.4090527022672319, "8.0": 0.41467139297708755, "9.0": 0.05156050120523889, "10.0": 0.15965269280259245, "11.0": 0.41393675667839247, "12.0": 0.42345998673448104, "13.0": 0.4274208632201859, "14.0": 0.4312517887041775, "15.0": 0.4357565063762381, "16.0": 0.43888960249265674, "17.0": 0.4423404400756871, "18.0": 0.4453811432833734, "19.0": 0.44798692377434773, "20.0": 0.45127100342454723, "21.0": 0.45322853123068174, "22.0": 0.4560236045102776, "23.0": 0.45782489064961185, "24.0": 0.45976063476181783, "25.0": 0.4617564718227919, "26.0": 0.46320846769741164, "27.0": 0.46555209269938286, "28.0": 0.46692296309316417, "29.0": 0.46760201341424773, "30.0": 0.46902922094750005, "31.0": 0.4706164259568493, "32.0": 0.47166279442727926, "33.0": 0.4728691603738079, "34.0": 0.47421524242622254, "35.0": 0.47501447864484225, "36.0": 0.4757295847351895, "37.0": 0.47719585268514075, "38.0": 0.4783353652261645, "39.0": 0.47870794150852725, "40.0": 0.47971149375296274, "41.0": 0.47992257023551166, "42.0": 0.48093138061296326, "43.0": 0.4814053637463759, "44.0": 0.4819957769680247, "45.0": 0.48273341791415847, "46.0": 0.4834304961198736, "47.0": 0.4840637255675221, "48.0": 0.48514690096907376, "49.0": 0.4855112144709822, "50.0": 0.48587327448731277, "51.0": 0.48630594371844715, "52.0": 0.48644716214805156, "53.0": 0.4869526940795669, "54.0": 0.48716827753327413, "55.0": 0.48822215762230303, "56.0": 0.48871041283104694, "57.0": 0.4888644010122645, "58.0": 0.48969894183828866, "59.0": 0.49012935758384335, "60.0": 0.48987170906599875, "61.0": 0.4908091590667882, "62.0": 0.49157233951614654, "63.0": 0.49112614937154053, "64.0": 0.49164144640723095, "65.0": 0.4924977709271804, "66.0": 0.4923595571450139, "67.0": 0.49296274011827884, "68.0": 0.49316480265851176, "69.0": 0.49302208190518676, "70.0": 0.49395051796366146, "71.0": 0.4943749244143378, "72.0": 0.4942209362331187, "73.0": 0.4943178361130094, "74.0": 0.49486017497564294, "75.0": 0.49476477741947256, "76.0": 0.4953198860337224, "77.0": 0.4955444834297447, "78.0": 0.49587349232425293, "79.0": 0.4962866313470352, "80.0": 0.4961394036225514, "81.0": 0.49632118479257764, "82.0": 0.49673282149164244, "83.0": 0.4969025840719137, "84.0": 0.4972338464519999, "85.0": 0.49741487646016447, "86.0": 0.4977333690886367, "87.0": 0.4977243551463223, "88.0": 0.49808716632451183, "89.0": 0.49827345446569365, "90.0": 0.4983523264609547, "91.0": 0.4985641541053621, "92.0": 0.4990351325913348, "93.0": 0.498760207350719, "94.0": 0.499594748176742, "95.0": 0.499304799698935, "96.0": 0.49977953399420677, "97.0": 0.4993806670467543, "98.0": 0.49971117826498224, "99.0": 0.4995263924475189, "100.0": 0.5001491056291311}}