{"epoch_accuracy": {"1": 0.24982894818685095, "2": 0.3286682838838093, "3": 0.370762580083349, "4": 0.37819555887292394, "5": 0.40139640480189065, "6": 0.4078497232070658, "7": 0.41170616408533917, "8": 0.41316787957952344, "9": 0.0026901785158922695, "10": 0.016980779996267962, "11": 0.4148472973813523, "12": 0.4173664240840956, "13": 0.41889034023760646, "14": 0.42047645705044484, "15": 0.4208030105119114, "16": 0.42081856067674306, "17": 0.4203987062262862, "18": 0.4210051626547244, "19": 0.4215338682590035, "20": 0.42212477452260994, "21": 0.42229582633575935, "22": 0.4227001306213845, "23": 0.42234247683025467, "24": 0.4227623312807113, "25": 0.4243639982583813, "26": 0.4229955837531881, "27": 0.42304223424768306, "28": 0.4237730919947751, "29": 0.4216738197424893, "30": 0.42056975803943514, "31": 0.4235087391926353, "32": 0.42260682963239404, "33": 0.42400634446725133, "34": 0.4227467811158796, "35": 0.4238663929837657, "36": 0.42343098836847703, "37": 0.42249797847857185, "38": 0.42254462897306716, "39": 0.4238197424892703, "40": 0.42270013062138434, "41": 0.4246128008956895, "42": 0.4233687877091498, "43": 0.42453505007153064, "44": 0.42240467748958144, "45": 0.4239285936430929, "46": 0.4235087391926355, "47": 0.4231199850718418, "48": 0.4224513279840766, "49": 0.4223735771599179, "50": 0.4225446289730671, "51": 0.4231355352366738, "52": 0.42436399825838145, "53": 0.42571686259874353, "54": 0.4218137712259749, "55": 0.423539839522299, "56": 0.42378864215960665, "57": 0.4226534801268894, "58": 0.42106736331405087, "59": 0.42405299496174653, "60": 0.4237419916651118, "61": 0.4209274118305655, "62": 0.4211295639733779, "63": 0.42344653853330827, "64": 0.423337687379486, "65": 0.4213472662810223, "66": 0.4231510854015053, "67": 0.42293338309386086, "68": 0.42237357715991813, "69": 0.4236797910057847, "70": 0.42224917584126387, "71": 0.42346208869814017, "72": 0.4219848230391242, "73": 0.422731230951048, "74": 0.42249797847857157, "75": 0.42209367419294636, "76": 0.4212384151272002, "77": 0.4230111339180197, "78": 0.4242551471045592, "79": 0.4218137712259752, "80": 0.42251352864340364, "81": 0.42170492007215266, "82": 0.4217982210611431, "83": 0.42298003358835584, "84": 0.42263792996205757, "85": 0.42430179759905434, "86": 0.42207812402811484, "87": 0.4226223797972259, "88": 0.42355538968713063, "89": 0.4221558748522734, "90": 0.42282453194003855, "91": 0.4230733345773467, "92": 0.42352428935746705, "93": 0.4230266840828512, "94": 0.42147166759967647, "95": 0.4216427194128257, "96": 0.4212850656216955, "97": 0.42142501710518104, "98": 0.421253965292032, "99": 0.42153386825900346, "100": 0.4207874603470797}}