{"epoch_accuracy": {"1": 0.7306397306397306, "2": 0.7306397306397306, "3": 0.7441077441077442, "4": 0.7373737373737373, "5": 0.7407407407407407, "6": 0.734006734006734, "7": 0.7407407407407407, "8": 0.7373737373737373, "9": 0.7272727272727273, "10": 0.7306397306397306, "11": 0.7272727272727273, "12": 0.7239057239057239, "13": 0.7272727272727273, "14": 0.7306397306397306, "15": 0.7306397306397306, "16": 0.7272727272727273, "17": 0.7272727272727273, "18": 0.7272727272727273, "19": 0.7272727272727273, "20": 0.7239057239057239, "21": 0.7205387205387206, "22": 0.7205387205387206, "23": 0.7205387205387206, "24": 0.7138047138047138, "25": 0.7104377104377104, "26": 0.7104377104377104, "27": 0.7070707070707071, "28": 0.7205387205387206, "29": 0.7138047138047138, "30": 0.7104377104377104, "31": 0.7138047138047138, "32": 0.7138047138047138, "33": 0.7104377104377104, "34": 0.7138047138047138, "35": 0.7104377104377104, "36": 0.7037037037037037, "37": 0.7037037037037037, "38": 0.7070707070707071, "39": 0.7104377104377104, "40": 0.7138047138047138, "41": 0.7037037037037037, "42": 0.6936026936026936, "43": 0.696969696969697, "44": 0.7003367003367004, "45": 0.7104377104377104, "46": 0.7070707070707071, "47": 0.7171717171717171, "48": 0.7205387205387206, "49": 0.7171717171717171, "50": 0.7138047138047138}}