{"epoch_accuracy": {"1": 0.7692307692307693, "2": 0.7692307692307693, "3": 0.7777777777777778, "4": 0.7727920227920227, "5": 0.7735042735042735, "6": 0.7692307692307693, "7": 0.7735042735042735, "8": 0.7727920227920227, "9": 0.7635327635327633, "10": 0.7656695156695155, "11": 0.7649572649572649, "12": 0.7628205128205128, "13": 0.7635327635327633, "14": 0.7670940170940171, "15": 0.7678062678062676, "16": 0.7656695156695155, "17": 0.7670940170940171, "18": 0.7670940170940171, "19": 0.7670940170940171, "20": 0.7670940170940171, "21": 0.7663817663817662, "22": 0.7656695156695155, "23": 0.7649572649572649, "24": 0.7606837606837606, "25": 0.7578347578347578, "26": 0.7578347578347578, "27": 0.7564102564102564, "28": 0.7649572649572649, "29": 0.7592592592592592, "30": 0.7571225071225071, "31": 0.7592592592592592, "32": 0.75997150997151, "33": 0.7585470085470085, "34": 0.7592592592592593, "35": 0.7542735042735043, "36": 0.75, "37": 0.7514245014245013, "38": 0.7535612535612535, "39": 0.7556980056980057, "40": 0.7564102564102564, "41": 0.7521367521367521, "42": 0.7457264957264957, "43": 0.7464387464387465, "44": 0.7492877492877493, "45": 0.7556980056980057, "46": 0.7521367521367521, "47": 0.7585470085470085, "48": 0.7606837606837606, "49": 0.7578347578347578, "50": 0.7571225071225072}}