{"epoch_accuracy": {"1": 0.9067382041975698, "2": 0.9106832886223765, "3": 0.9133659460312451, "4": 0.9171532270790594, "5": 0.9203092946189049, "6": 0.9237809689127348, "7": 0.9267792330755878, "8": 0.9296196938614486, "9": 0.9324601546473095, "10": 0.9346694019252012, "11": 0.9359318289411394, "12": 0.9378254694650465, "13": 0.9387722897270001, "14": 0.9395613066119615, "15": 0.9403503234969228, "16": 0.9412971437588764, "17": 0.94224396402083, "18": 0.9436641944137605, "19": 0.9444532112987218, "20": 0.9452422281836831, "21": 0.9457156383146599, "22": 0.9471358687075904, "23": 0.9477670822155594, "24": 0.9482404923465362, "25": 0.9491873126084899, "26": 0.9498185261164589, "27": 0.9499763294934511, "28": 0.9506075430014203, "29": 0.9509231497554048, "30": 0.951080953132397, "31": 0.9513965598863816, "32": 0.9517121666403661, "33": 0.9520277733943506, "34": 0.9526589869023198, "35": 0.9529745936563042, "36": 0.9529745936563042, "37": 0.9532902004102888, "38": 0.9536058071642733, "39": 0.9540792172952501, "40": 0.9539214139182578, "41": 0.9547104308032192, "42": 0.9548682341802115, "43": 0.955183840934196, "44": 0.9550260375572037, "45": 0.955183840934196, "46": 0.9559728578191573, "47": 0.9561306611961496, "48": 0.9562884645731419, "49": 0.9559728578191573, "50": 0.9567618747041187}}