{"learning rate": 0.0001, "epoch_accuracy": {"1": 0.34655623365300786, "2": 0.35701830863121187, "3": 0.3491717523975589, "4": 0.35047951176983433, "5": 0.34960767218831734, "6": 0.34873583260680036, "7": 0.34873583260680036, "8": 0.35091543156059285, "9": 0.34960767218831734, "10": 0.3421970357454228, "11": 0.35353095030514387, "12": 0.3491717523975589, "13": 0.3491717523975589, "14": 0.34394071490845685, "15": 0.35309503051438534, "16": 0.3526591107236269, "17": 0.34394071490845685, "18": 0.35047951176983433, "19": 0.34960767218831734, "20": 0.34786399302528337, "21": 0.35353095030514387, "22": 0.34132519616390583, "23": 0.33958151700087186, "24": 0.35701830863121187, "25": 0.35135135135135137, "26": 0.3548387096774194, "27": 0.35876198779424584, "28": 0.35178727114210984, "29": 0.35178727114210984, "30": 0.35527462946817784, "31": 0.3583260680034874, "32": 0.35353095030514387, "33": 0.34873583260680036, "34": 0.35309503051438534, "35": 0.3548387096774194, "36": 0.35178727114210984, "37": 0.35135135135135137, "38": 0.34960767218831734, "39": 0.34960767218831734, "40": 0.34437663469921537, "41": 0.35701830863121187, "42": 0.35309503051438534, "43": 0.35440278988666085, "44": 0.35571054925893636, "45": 0.34655623365300786, "46": 0.35701830863121187, "47": 0.36006974716652135, "48": 0.3469921534437663, "49": 0.34873583260680036, "50": 0.35091543156059285}}