{"learning rate": 0.0001, "epoch_accuracy": {"1.0": 0.7456202202093616, "2.0": 0.7691056028638065, "3.0": 0.7802787872213484, "4.0": 0.7872213483755491, "5.0": 0.7908011064706839, "6.0": 0.7956283560232141, "7.0": 0.7972012800347128, "8.0": 0.7990996366003146, "9.0": 0.80034712805771, "10.0": 0.8015946195151055, "11.0": 0.8022454846233118, "12.0": 0.8033844985626729, "13.0": 0.8028963497315181, "14.0": 0.8055540489233607, "15.0": 0.8063676303086186, "16.0": 0.8072354504528937, "17.0": 0.8076693605250311, "18.0": 0.8083202256332375, "19.0": 0.8083744643922547, "20.0": 0.8096761946086674, "21.0": 0.8099473884037534, "22.0": 0.8111406411021316, "23.0": 0.8109236860660628, "24.0": 0.8111948798611488, "25.0": 0.8116830286923035, "26.0": 0.8114660736562348, "27.0": 0.8071269729348592, "28.0": 0.8139068178120085, "29.0": 0.8163475619677821, "30.0": 0.8180289634973151, "31.0": 0.8180832022563324, "32.0": 0.8197103650268481, "33.0": 0.8201442750989857, "34.0": 0.8201985138580029, "35.0": 0.8219883929055704, "36.0": 0.8236697944351034, "37.0": 0.8245376145793785, "38.0": 0.8250257634105331, "39.0": 0.8248630471334816, "40.0": 0.8264359711449802, "41.0": 0.8261647773498942, "42.0": 0.8282800889515648, "43.0": 0.8275207463253241, "44.0": 0.8293106253728915, "45.0": 0.8306123555893041, "46.0": 0.8315886532516136, "47.0": 0.8324022346368715, "48.0": 0.8323479958778544, "49.0": 0.8338124423713186, "50.0": 0.8344633074795249}}