{"learning rate": 0.0001, "epoch_accuracy": {"1": 0.35091543156059285, "2": 0.36006974716652135, "3": 0.35571054925893636, "4": 0.3561464690496949, "5": 0.35047951176983433, "6": 0.3618134263295554, "7": 0.34873583260680036, "8": 0.35309503051438534, "9": 0.35135135135135137, "10": 0.3561464690496949, "11": 0.35658238884045335, "12": 0.3456843940714908, "13": 0.35091543156059285, "14": 0.35527462946817784, "15": 0.34829991281604183, "16": 0.34306887532693986, "17": 0.36006974716652135, "18": 0.34873583260680036, "19": 0.34481255448997383, "20": 0.34176111595466435, "21": 0.3400174367916303, "22": 0.34655623365300786, "23": 0.3435047951176983, "24": 0.3435047951176983, "25": 0.34960767218831734, "26": 0.34088927637314737, "27": 0.3352223190932868, "28": 0.34960767218831734, "29": 0.3469921534437663, "30": 0.34306887532693986, "31": 0.34612031386224934, "32": 0.33783783783783783, "33": 0.34088927637314737, "34": 0.33740191804707936, "35": 0.3352223190932868, "36": 0.35047951176983433, "37": 0.34394071490845685, "38": 0.34655623365300786, "39": 0.34481255448997383, "40": 0.34132519616390583, "41": 0.34394071490845685, "42": 0.34088927637314737, "43": 0.33478639930252835, "44": 0.34045335658238884, "45": 0.33565823888404533, "46": 0.3421970357454228, "47": 0.34045335658238884, "48": 0.34045335658238884, "49": 0.3317349607672188, "50": 0.33958151700087186}}