{"learning rate": 0.0001, "epoch_accuracy": {"1.0": 0.4886341578038639, "2.0": 0.5101602966867932, "3.0": 0.5223894320654673, "4.0": 0.532095095064415, "5.0": 0.5371216068491331, "6.0": 0.5418824899623012, "7.0": 0.5465207752270614, "8.0": 0.5505869371992521, "9.0": 0.5549289443303603, "10.0": 0.5554295522113587, "11.0": 0.5601189199129555, "12.0": 0.5625913098558454, "13.0": 0.5632553815347208, "14.0": 0.5676893370521348, "15.0": 0.5678528008500118, "16.0": 0.5716942001001216, "17.0": 0.5734003534904629, "18.0": 0.5754947334007622, "19.0": 0.5775278143868575, "20.0": 0.5787946588204044, "21.0": 0.5815020279727424, "22.0": 0.5823499964242295, "23.0": 0.5835248924714704, "24.0": 0.5856090558944024, "25.0": 0.5857316537428101, "26.0": 0.5867124365300722, "27.0": 0.5889702802382485, "28.0": 0.5913200723327305, "29.0": 0.592249772683156, "30.0": 0.5929240608493987, "31.0": 0.5935676995535395, "32.0": 0.5969187074100183, "33.0": 0.5972762844678743, "34.0": 0.5979710056088515, "35.0": 0.5997486744107641, "36.0": 0.5995443446634178, "37.0": 0.6024458270757348, "38.0": 0.602026951093675, "39.0": 0.6031814141661814, "40.0": 0.6040906815418723, "41.0": 0.6045606399607687, "42.0": 0.6052042786649094, "43.0": 0.6052655775891133, "44.0": 0.6087902657308364, "45.0": 0.6080138126909206, "46.0": 0.6069308650299854, "47.0": 0.6104759861464432, "48.0": 0.6114772019084398, "49.0": 0.6113443875726647, "50.0": 0.6131016233998426}}