{"epoch_accuracy": {"1": 0.7986666666666666, "2": 0.7977777777777778, "3": 0.8008888888888889, "4": 0.8053333333333333, "5": 0.8035555555555555, "6": 0.8013333333333333, "7": 0.7951111111111112, "8": 0.7951111111111112, "9": 0.8, "10": 0.8004444444444445, "11": 0.8004444444444445, "12": 0.8004444444444445, "13": 0.8017777777777778, "14": 0.8062222222222222, "15": 0.8013333333333332, "16": 0.7964444444444445, "17": 0.7968888888888889, "18": 0.7946666666666665, "19": 0.7977777777777778, "20": 0.7964444444444445, "21": 0.7933333333333333, "22": 0.7937777777777777, "23": 0.7884444444444444, "24": 0.7866666666666666, "25": 0.7817777777777778, "26": 0.7826666666666666, "27": 0.7831111111111112, "28": 0.7822222222222222, "29": 0.7871111111111112, "30": 0.7835555555555554, "31": 0.7826666666666666, "32": 0.7857777777777778, "33": 0.7884444444444445, "34": 0.7924444444444444, "35": 0.7928888888888889, "36": 0.7893333333333333, "37": 0.7915555555555557, "38": 0.7911111111111112, "39": 0.7875555555555555, "40": 0.787111111111111, "41": 0.7902222222222223, "42": 0.7884444444444444, "43": 0.7853333333333333, "44": 0.7853333333333333, "45": 0.783111111111111, "46": 0.7813333333333333, "47": 0.7822222222222222, "48": 0.7826666666666666, "49": 0.7915555555555555, "50": 0.784}}