{"epoch_accuracy": {"1": 0.7735294117647059, "2": 0.7705882352941177, "3": 0.7735294117647059, "4": 0.7852941176470588, "5": 0.7852941176470588, "6": 0.7823529411764706, "7": 0.7735294117647059, "8": 0.7735294117647059, "9": 0.7823529411764706, "10": 0.7794117647058824, "11": 0.7794117647058824, "12": 0.7794117647058824, "13": 0.7794117647058824, "14": 0.7852941176470588, "15": 0.7823529411764706, "16": 0.7676470588235295, "17": 0.7735294117647059, "18": 0.7705882352941177, "19": 0.7764705882352941, "20": 0.7794117647058824, "21": 0.7764705882352941, "22": 0.7735294117647059, "23": 0.7647058823529411, "24": 0.7558823529411764, "25": 0.7470588235294118, "26": 0.7470588235294118, "27": 0.7411764705882353, "28": 0.7441176470588236, "29": 0.7470588235294118, "30": 0.7411764705882353, "31": 0.7382352941176471, "32": 0.7441176470588236, "33": 0.75, "34": 0.7529411764705882, "35": 0.7558823529411764, "36": 0.7529411764705882, "37": 0.7588235294117647, "38": 0.7588235294117647, "39": 0.7588235294117647, "40": 0.7529411764705882, "41": 0.7529411764705882, "42": 0.75, "43": 0.7470588235294118, "44": 0.75, "45": 0.75, "46": 0.75, "47": 0.7529411764705882, "48": 0.7558823529411764, "49": 0.7647058823529411, "50": 0.7529411764705882}}