{"learning rate": 0.00025, "epoch_accuracy": {"1.0": 0.9090438384535726, "2.0": 0.9217293752157404, "3.0": 0.9282015878494995, "4.0": 0.9348895409043838, "5.0": 0.9395926820849154, "6.0": 0.9418795305488437, "7.0": 0.9436486020020711, "8.0": 0.9464532274767, "9.0": 0.9468847083189507, "10.0": 0.9486537797721781, "11.0": 0.9494735933724543, "12.0": 0.9406282361063169, "13.0": 0.9509406282361064, "14.0": 0.9523645150155333, "15.0": 0.9532706247842596, "16.0": 0.9535295132896099, "17.0": 0.9517172937521574, "18.0": 0.954953400069037, "19.0": 0.9566361753538143, "20.0": 0.9596133931653434, "21.0": 0.9582758025543666, "22.0": 0.9546945115636866, "23.0": 0.9547376596479117, "24.0": 0.9579306178805661, "25.0": 0.9613824646185709, "26.0": 0.9633672764929238, "27.0": 0.9651794960303762, "28.0": 0.9638850535036244, "29.0": 0.9640144977562997, "30.0": 0.9670780117362789, "31.0": 0.9669054193993787, "32.0": 0.9699257852951328, "33.0": 0.9681135657576804, "34.0": 0.9673369002416292, "35.0": 0.9680272695892302, "36.0": 0.9661287538833275, "37.0": 0.9667328270624784, "38.0": 0.9679409734207801, "39.0": 0.9654383845357266, "40.0": 0.9679409734207801, "41.0": 0.9649206075250258, "42.0": 0.9711770797376597, "43.0": 0.9719968933379358, "44.0": 0.9734207801173628, "45.0": 0.9747583707283397, "46.0": 0.9744994822229893, "47.0": 0.9716517086641353, "48.0": 0.9710476354849845, "49.0": 0.9722126337590611, "50.0": 0.9742405937176389}}