{"epoch_accuracy": {"1": 0.7735294117647059, "2": 0.7705882352941177, "3": 0.7705882352941177, "4": 0.7647058823529411, "5": 0.7647058823529411, "6": 0.7647058823529411, "7": 0.7705882352941177, "8": 0.7764705882352941, "9": 0.7735294117647059, "10": 0.7794117647058824, "11": 0.7823529411764706, "12": 0.7794117647058824, "13": 0.7823529411764706, "14": 0.7823529411764706, "15": 0.7823529411764706, "16": 0.7852941176470588, "17": 0.7794117647058824, "18": 0.7764705882352941, "19": 0.7735294117647059, "20": 0.7735294117647059, "21": 0.7764705882352941, "22": 0.7735294117647059, "23": 0.7764705882352941, "24": 0.7764705882352941, "25": 0.7764705882352941, "26": 0.7676470588235295, "27": 0.7705882352941177, "28": 0.7705882352941177, "29": 0.7676470588235295, "30": 0.7705882352941177, "31": 0.7676470588235295, "32": 0.7647058823529411, "33": 0.7647058823529411, "34": 0.7647058823529411, "35": 0.7617647058823529, "36": 0.7647058823529411, "37": 0.7588235294117647, "38": 0.7676470588235295, "39": 0.7647058823529411, "40": 0.7647058823529411, "41": 0.7676470588235295, "42": 0.7676470588235295, "43": 0.7647058823529411, "44": 0.7588235294117647, "45": 0.7617647058823529, "46": 0.7647058823529411, "47": 0.7676470588235295, "48": 0.7647058823529411, "49": 0.7647058823529411, "50": 0.7617647058823529}}