{"epoch_accuracy": {"1": 0.7977777777777778, "2": 0.7964444444444443, "3": 0.7973333333333333, "4": 0.7942222222222222, "5": 0.7928888888888889, "6": 0.7924444444444445, "7": 0.7937777777777778, "8": 0.7973333333333333, "9": 0.796888888888889, "10": 0.7977777777777777, "11": 0.799111111111111, "12": 0.7977777777777777, "13": 0.7982222222222222, "14": 0.7982222222222222, "15": 0.7982222222222222, "16": 0.7995555555555555, "17": 0.7982222222222222, "18": 0.795111111111111, "19": 0.7955555555555555, "20": 0.7973333333333333, "21": 0.7995555555555555, "22": 0.7973333333333333, "23": 0.7995555555555555, "24": 0.7977777777777778, "25": 0.7986666666666666, "26": 0.7937777777777777, "27": 0.7986666666666666, "28": 0.7986666666666666, "29": 0.7955555555555555, "30": 0.7977777777777777, "31": 0.7946666666666666, "32": 0.792, "33": 0.7911111111111112, "34": 0.7906666666666669, "35": 0.7902222222222223, "36": 0.7902222222222222, "37": 0.7857777777777777, "38": 0.7906666666666666, "39": 0.7893333333333333, "40": 0.7902222222222223, "41": 0.7902222222222223, "42": 0.7911111111111112, "43": 0.7897777777777778, "44": 0.7862222222222222, "45": 0.7875555555555555, "46": 0.7897777777777777, "47": 0.7897777777777777, "48": 0.7884444444444444, "49": 0.7893333333333333, "50": 0.7888888888888889}}