{"epoch_accuracy": {"1": 0.9221985192621408, "2": 0.9243317856694692, "3": 0.9260885932990337, "4": 0.9270924833730706, "5": 0.9284728322248714, "6": 0.9293512360396536, "7": 0.930857071150709, "8": 0.9323629062617643, "9": 0.933743255113565, "10": 0.9357510352616388, "11": 0.9366294390764212, "12": 0.9378843016689673, "13": 0.9388881917430041, "14": 0.9400175680762957, "15": 0.9406449993725687, "16": 0.9411469444095871, "17": 0.9418998619651148, "18": 0.9429037520391517, "19": 0.9430292382984063, "20": 0.9434056970761702, "21": 0.9436566695946794, "22": 0.9442841008909525, "23": 0.9444095871502071, "24": 0.9447860459279709, "25": 0.9449115321872255, "26": 0.945413477224244, "27": 0.946040908520517, "28": 0.9461663947797716, "29": 0.9465428535575354, "30": 0.9466683398167901, "31": 0.9467938260760447, "32": 0.9469193123352992, "33": 0.9471702848538085, "34": 0.9472957711130631, "35": 0.9472957711130631, "36": 0.9474212573723177, "37": 0.9474212573723177, "38": 0.9477977161500816, "39": 0.9479232024093361, "40": 0.9480486886685908, "41": 0.9480486886685908, "42": 0.9484251474463546, "43": 0.9488016062241185, "44": 0.948927092483373, "45": 0.9491780650018823, "46": 0.9494290375203915, "47": 0.9499309825574099, "48": 0.9501819550759192, "49": 0.9503074413351738, "50": 0.9503074413351738}}