{"epoch_accuracy": {"1": 0.734006734006734, "2": 0.7373737373737373, "3": 0.7373737373737373, "4": 0.7407407407407407, "5": 0.7407407407407407, "6": 0.7441077441077442, "7": 0.7474747474747475, "8": 0.7474747474747475, "9": 0.7441077441077442, "10": 0.7407407407407407, "11": 0.7441077441077442, "12": 0.7407407407407407, "13": 0.7441077441077442, "14": 0.7441077441077442, "15": 0.7441077441077442, "16": 0.7441077441077442, "17": 0.7373737373737373, "18": 0.7373737373737373, "19": 0.734006734006734, "20": 0.7373737373737373, "21": 0.734006734006734, "22": 0.734006734006734, "23": 0.734006734006734, "24": 0.7272727272727273, "25": 0.7239057239057239, "26": 0.7239057239057239, "27": 0.7272727272727273, "28": 0.7239057239057239, "29": 0.7272727272727273, "30": 0.7239057239057239, "31": 0.7272727272727273, "32": 0.7239057239057239, "33": 0.7239057239057239, "34": 0.7239057239057239, "35": 0.7171717171717171, "36": 0.7239057239057239, "37": 0.7171717171717171, "38": 0.7205387205387206, "39": 0.7171717171717171, "40": 0.7205387205387206, "41": 0.7205387205387206, "42": 0.7205387205387206, "43": 0.7205387205387206, "44": 0.7171717171717171, "45": 0.7205387205387206, "46": 0.7205387205387206, "47": 0.7205387205387206, "48": 0.7205387205387206, "49": 0.7205387205387206, "50": 0.7205387205387206, "51": 0.7205387205387206, "52": 0.7171717171717171, "53": 0.7171717171717171, "54": 0.7171717171717171, "55": 0.7104377104377104, "56": 0.7138047138047138, "57": 0.7104377104377104, "58": 0.7104377104377104, "59": 0.7104377104377104, "60": 0.7104377104377104, "61": 0.7070707070707071, "62": 0.7104377104377104, "63": 0.7104377104377104, "64": 0.7070707070707071, "65": 0.7037037037037037, "66": 0.7070707070707071, "67": 0.7070707070707071, "68": 0.696969696969697, "69": 0.696969696969697, "70": 0.696969696969697, "71": 0.696969696969697, "72": 0.6902356902356902, "73": 0.6936026936026936, "74": 0.6902356902356902, "75": 0.696969696969697, "76": 0.696969696969697, "77": 0.696969696969697, "78": 0.7003367003367004, "79": 0.7003367003367004, "80": 0.7070707070707071, "81": 0.7138047138047138, "82": 0.7104377104377104, "83": 0.7070707070707071, "84": 0.7037037037037037, "85": 0.7037037037037037, "86": 0.7138047138047138, "87": 0.7171717171717171, "88": 0.7205387205387206, "89": 0.7239057239057239, "90": 0.7205387205387206, "91": 0.7205387205387206, "92": 0.7171717171717171, "93": 0.7205387205387206, "94": 0.7171717171717171, "95": 0.7171717171717171, "96": 0.7205387205387206, "97": 0.7171717171717171, "98": 0.7171717171717171, "99": 0.7171717171717171, "100": 0.7171717171717171}}