{"epoch_accuracy": {"1": 0.7720797720797722, "2": 0.7742165242165243, "3": 0.7742165242165243, "4": 0.7763532763532764, "5": 0.7777777777777778, "6": 0.7799145299145299, "7": 0.782051282051282, "8": 0.7806267806267807, "9": 0.7799145299145299, "10": 0.7784900284900284, "11": 0.7792022792022791, "12": 0.777065527065527, "13": 0.7792022792022791, "14": 0.7792022792022791, "15": 0.7792022792022791, "16": 0.7792022792022791, "17": 0.7742165242165243, "18": 0.7756410256410257, "19": 0.7735042735042735, "20": 0.7756410256410257, "21": 0.7735042735042735, "22": 0.7727920227920227, "23": 0.7713675213675214, "24": 0.7685185185185185, "25": 0.7685185185185185, "26": 0.7699430199430198, "27": 0.772079772079772, "28": 0.7699430199430198, "29": 0.772079772079772, "30": 0.7685185185185185, "31": 0.7706552706552706, "32": 0.7685185185185185, "33": 0.7685185185185185, "34": 0.7678062678062676, "35": 0.7635327635327633, "36": 0.7678062678062676, "37": 0.7635327635327633, "38": 0.7663817663817662, "39": 0.7642450142450141, "40": 0.7670940170940171, "41": 0.7678062678062679, "42": 0.7670940170940171, "43": 0.7670940170940171, "44": 0.7678062678062679, "45": 0.7699430199430201, "46": 0.7692307692307693, "47": 0.7692307692307693, "48": 0.7692307692307693, "49": 0.7692307692307693, "50": 0.7685185185185185, "51": 0.7692307692307693, "52": 0.7656695156695158, "53": 0.7656695156695158, "54": 0.7670940170940171, "55": 0.7628205128205128, "56": 0.7649572649572649, "57": 0.7628205128205128, "58": 0.7628205128205128, "59": 0.7649572649572649, "60": 0.7649572649572649, "61": 0.7613960113960114, "62": 0.7635327635327636, "63": 0.7635327635327633, "64": 0.7613960113960113, "65": 0.7592592592592592, "66": 0.7613960113960113, "67": 0.7628205128205128, "68": 0.7592592592592593, "69": 0.7585470085470085, "70": 0.75997150997151, "71": 0.75997150997151, "72": 0.7556980056980057, "73": 0.7564102564102564, "74": 0.7528490028490027, "75": 0.757122507122507, "76": 0.757122507122507, "77": 0.7556980056980057, "78": 0.7585470085470085, "79": 0.75997150997151, "80": 0.7656695156695156, "81": 0.7670940170940171, "82": 0.7649572649572649, "83": 0.7628205128205128, "84": 0.7613960113960113, "85": 0.7606837606837606, "86": 0.7670940170940171, "87": 0.7692307692307693, "88": 0.7713675213675214, "89": 0.7727920227920227, "90": 0.7706552706552706, "91": 0.7720797720797721, "92": 0.76994301994302, "93": 0.7735042735042734, "94": 0.7692307692307692, "95": 0.7685185185185186, "96": 0.7706552706552706, "97": 0.7685185185185185, "98": 0.7685185185185185, "99": 0.7678062678062676, "100": 0.7663817663817662}}