{"epoch_accuracy": {"1": 0.9042133501656936, "2": 0.9057913839356162, "3": 0.9075272210825311, "4": 0.910367681868392, "5": 0.9122613223922992, "6": 0.9143127662931987, "7": 0.9157329966861291, "8": 0.9179422439640208, "9": 0.9201514912419125, "10": 0.9217295250118352, "11": 0.9225185418967966, "12": 0.9240965756667193, "13": 0.9255168060596497, "14": 0.9269370364525801, "15": 0.9278838567145337, "16": 0.928672873599495, "17": 0.9297774972384409, "18": 0.9299353006154332, "19": 0.9305665141234022, "20": 0.9313555310083635, "21": 0.9316711377623481, "22": 0.9323023512703171, "23": 0.932775761401294, "24": 0.9330913681552785, "25": 0.9332491715322708, "26": 0.9337225816632476, "27": 0.9338803850402398, "28": 0.9338803850402398, "29": 0.9343537951712166, "30": 0.9348272053021934, "31": 0.9353006154331702, "32": 0.9359318289411394, "33": 0.9362474356951239, "34": 0.9367208458261007, "35": 0.9371942559570775, "36": 0.9376676660880543, "37": 0.9381410762190311, "38": 0.9386144863500079, "39": 0.9387722897270001, "40": 0.9394035032349692, "41": 0.9395613066119615, "42": 0.9403503234969228, "43": 0.9403503234969228, "44": 0.9403503234969228, "45": 0.9406659302509074, "46": 0.9406659302509074, "47": 0.9414549471358687, "48": 0.9414549471358687, "49": 0.9417705538898532, "50": 0.9419283572668455, "51": 0.9419283572668455, "52": 0.9419283572668455, "53": 0.9419283572668455, "54": 0.9419283572668455, "55": 0.941612750512861, "56": 0.9419283572668455, "57": 0.94224396402083, "58": 0.9420861606438378, "59": 0.94224396402083, "60": 0.9424017673978223, "61": 0.9427173741518069, "62": 0.9430329809057914, "63": 0.9431907842827837, "64": 0.9431907842827837, "65": 0.9433485876597759, "66": 0.9435063910367681, "67": 0.9433485876597759, "68": 0.9433485876597759, "69": 0.9436641944137605, "70": 0.9439798011677449, "71": 0.9441376045447373, "72": 0.9446110146757141, "73": 0.9446110146757141, "74": 0.9444532112987218, "75": 0.9444532112987218, "76": 0.9446110146757141, "77": 0.9446110146757141, "78": 0.9447688180527063, "79": 0.9449266214296986, "80": 0.9450844248066909, "81": 0.9450844248066909, "82": 0.9452422281836831, "83": 0.9452422281836831, "84": 0.9455578349376677, "85": 0.9457156383146599, "86": 0.9455578349376677, "87": 0.9457156383146599, "88": 0.9457156383146599, "89": 0.9457156383146599, "90": 0.9455578349376677, "91": 0.9457156383146599, "92": 0.9458734416916522, "93": 0.9458734416916522, "94": 0.9460312450686444, "95": 0.9461890484456368, "96": 0.9466624585766136, "97": 0.9466624585766136, "98": 0.9466624585766136, "99": 0.946978065330598, "100": 0.9472936720845826}}