{"epoch_accuracy": {"1": 0.8542244407469033, "2": 0.86051026067665, "3": 0.8679053429469403, "4": 0.874930671103716, "5": 0.8792752819375116, "6": 0.8844518395267147, "7": 0.8879645036051026, "8": 0.8897208356442965, "9": 0.8910149750415973, "10": 0.8922166759105195, "11": 0.8939730079497135, "12": 0.8955444629321501, "13": 0.8962839711591791, "14": 0.8982251802551303, "15": 0.9010907746348679, "16": 0.9044185616564985, "17": 0.9085782954335367, "18": 0.9141246071362544, "19": 0.9194860417822148, "20": 0.9258643002403402, "21": 0.9291920872619708, "22": 0.9315030504714364, "23": 0.9336291366241449, "24": 0.9349232760214458, "25": 0.9366796080606397, "26": 0.9395452024403772, "27": 0.9419486041782215, "28": 0.9433351821039009, "29": 0.9443520059160658, "30": 0.9450915141430949, "31": 0.9456461453133667, "32": 0.9463856535403956, "33": 0.9465705305971529, "34": 0.9475873544093179, "35": 0.9481419855795896, "36": 0.9497134405620262, "37": 0.951007579959327, "38": 0.9511000184877056, "39": 0.9518395267147347, "40": 0.9532261046404141, "41": 0.9537807358106859, "42": 0.9538731743390645, "43": 0.9539656128674432, "44": 0.9547051210944721, "45": 0.954982436679608, "46": 0.9552597522647439, "47": 0.9558143834350157, "48": 0.9560916990201516, "49": 0.9561841375485303, "50": 0.9563690146052874}}