{"epoch_accuracy": {"1": 0.8653709409812752, "2": 0.8676226593979616, "3": 0.8702299123014933, "4": 0.8736667456743304, "5": 0.8772220905427827, "6": 0.879236785968239, "7": 0.8827921308366912, "8": 0.8851623607489927, "9": 0.8867030101919886, "10": 0.8883621711305997, "11": 0.8896657975823655, "12": 0.8910879355297464, "13": 0.8922730504858971, "14": 0.8934581654420479, "15": 0.8953543493718891, "16": 0.898317136762266, "17": 0.9025835506044086, "18": 0.9080350794027021, "19": 0.9137236311922257, "20": 0.9197677174685944, "21": 0.9240341313107372, "22": 0.9277079876748044, "23": 0.9310263095520266, "24": 0.933396539464328, "25": 0.934937188907324, "26": 0.9377814648020858, "27": 0.9397961602275421, "28": 0.9409812751836928, "29": 0.9420478786442285, "30": 0.942877459113534, "31": 0.9439440625740697, "32": 0.9446551315477602, "33": 0.9454847120170656, "34": 0.9467883384688315, "35": 0.9483289879118274, "36": 0.9498696373548234, "37": 0.9517658212846646, "38": 0.95235837876274, "39": 0.9534249822232757, "40": 0.9537805167101209, "41": 0.9543730741881963, "42": 0.9547286086750415, "43": 0.9548471201706565, "44": 0.9548471201706565, "45": 0.9556767006399621, "46": 0.9561507466224224, "47": 0.9563877696136526, "48": 0.9565062811092676, "49": 0.9568618155961128, "50": 0.957098838587343}}