{"epoch_accuracy": {"1": 0.8029197080291971, "2": 0.805352798053528, "3": 0.8077858880778589, "4": 0.805352798053528, "5": 0.8077858880778589, "6": 0.805352798053528, "7": 0.8150851581508516, "8": 0.8150851581508516, "9": 0.8150851581508516, "10": 0.8150851581508516, "11": 0.8126520681265207, "12": 0.8175182481751825, "13": 0.8150851581508516, "14": 0.8199513381995134, "15": 0.8199513381995134, "16": 0.8248175182481752, "17": 0.8272506082725061, "18": 0.829683698296837, "19": 0.8321167883211679, "20": 0.8345498783454988, "21": 0.8345498783454988, "22": 0.8345498783454988, "23": 0.8345498783454988, "24": 0.8345498783454988, "25": 0.8321167883211679, "26": 0.8394160583941606, "27": 0.8369829683698297, "28": 0.8345498783454988, "29": 0.8345498783454988, "30": 0.829683698296837, "31": 0.8345498783454988, "32": 0.829683698296837, "33": 0.8272506082725061, "34": 0.829683698296837, "35": 0.8321167883211679, "36": 0.8345498783454988, "37": 0.8345498783454988, "38": 0.8418491484184915, "39": 0.8369829683698297, "40": 0.8369829683698297, "41": 0.8369829683698297, "42": 0.8418491484184915, "43": 0.8369829683698297, "44": 0.8394160583941606, "45": 0.8394160583941606, "46": 0.8369829683698297, "47": 0.8369829683698297, "48": 0.8369829683698297, "49": 0.8418491484184915, "50": 0.8442822384428224}}