{"epoch_accuracy": {"1": 0.5334796926454446, "2": 0.5290889132821076, "3": 0.5301866081229418, "4": 0.5214050493962679, "5": 0.5181119648737651, "6": 0.5137211855104281, "7": 0.5104281009879253, "8": 0.5082327113062569, "9": 0.5093304061470911, "10": 0.5192096597145993, "11": 0.5159165751920965, "12": 0.5225027442371021, "13": 0.5115257958287596, "14": 0.5203073545554336, "15": 0.5181119648737651, "16": 0.5170142700329309, "17": 0.5181119648737651, "18": 0.5181119648737651, "19": 0.5192096597145993, "20": 0.5214050493962679, "21": 0.5268935236004391, "22": 0.5246981339187706, "23": 0.5225027442371021, "24": 0.5203073545554336, "25": 0.5246981339187706, "26": 0.5246981339187706, "27": 0.5137211855104281, "28": 0.5181119648737651, "29": 0.5225027442371021, "30": 0.5203073545554336, "31": 0.5236004390779363, "32": 0.5246981339187706, "33": 0.5159165751920965, "34": 0.5203073545554336, "35": 0.5225027442371021, "36": 0.5181119648737651, "37": 0.5192096597145993, "38": 0.5225027442371021, "39": 0.5236004390779363, "40": 0.5214050493962679, "41": 0.5236004390779363, "42": 0.5268935236004391, "43": 0.5290889132821076, "44": 0.5268935236004391, "45": 0.5225027442371021, "46": 0.5257958287596048, "47": 0.5203073545554336, "48": 0.5225027442371021, "49": 0.5170142700329309, "50": 0.5170142700329309, "51": 0.5159165751920965, "52": 0.5225027442371021, "53": 0.5214050493962679, "54": 0.5203073545554336, "55": 0.5181119648737651, "56": 0.5159165751920965, "57": 0.5159165751920965, "58": 0.5082327113062569, "59": 0.5038419319429198, "60": 0.5115257958287596, "61": 0.4994511525795829, "62": 0.4994511525795829, "63": 0.5060373216245884, "64": 0.5137211855104281, "65": 0.5115257958287596, "66": 0.5093304061470911, "67": 0.5082327113062569, "68": 0.5115257958287596, "69": 0.5126234906695939, "70": 0.5071350164654226, "71": 0.5060373216245884, "72": 0.5071350164654226, "73": 0.5027442371020856, "74": 0.5082327113062569, "75": 0.5082327113062569, "76": 0.5049396267837541, "77": 0.5016465422612514, "78": 0.4983534577387486, "79": 0.5005488474204172, "80": 0.5082327113062569, "81": 0.5071350164654226, "82": 0.5115257958287596, "83": 0.5104281009879253, "84": 0.5126234906695939, "85": 0.5093304061470911, "86": 0.5082327113062569, "87": 0.5027442371020856, "88": 0.5137211855104281, "89": 0.5104281009879253, "90": 0.4994511525795829, "91": 0.5126234906695939, "92": 0.5246981339187706, "93": 0.5159165751920965, "94": 0.5192096597145993, "95": 0.5170142700329309, "96": 0.5137211855104281, "97": 0.5115257958287596, "98": 0.5148188803512623, "99": 0.5082327113062569, "100": 0.5104281009879253}}