{"epoch_accuracy": {"1": 0.46425457715780294, "2": 0.46469049694856146, "3": 0.4658529497239175, "4": 0.45858761987794244, "5": 0.4588782330717814, "6": 0.4588782330717815, "7": 0.4571345539087474, "8": 0.454664341761116, "9": 0.4527753560011625, "10": 0.46033129904097647, "11": 0.4571345539087474, "12": 0.4609125254286545, "13": 0.45989537925021795, "14": 0.4622202848009299, "15": 0.4635280441732054, "16": 0.46178436501017145, "17": 0.4629468177855275, "18": 0.46469049694856146, "19": 0.46134844521941293, "20": 0.4614937518163324, "21": 0.46469049694856146, "22": 0.4629468177855275, "23": 0.4614937518163324, "24": 0.46469049694856157, "25": 0.4658529497239175, "26": 0.467160709096193, "27": 0.46338273757628584, "28": 0.4671607090961929, "29": 0.468613775065388, "30": 0.47181052019761704, "31": 0.473554199360651, "32": 0.471229293809939, "33": 0.4628015111886079, "34": 0.4643998837547224, "35": 0.46483580354548104, "36": 0.4632374309793665, "37": 0.46556233653007845, "38": 0.46963092124382455, "39": 0.469776227840744, "40": 0.4673060156931125, "41": 0.4686137750653881, "42": 0.4713746004068584, "43": 0.4697762278407439, "44": 0.46904969485614645, "45": 0.4667247893054345, "46": 0.46745132229003183, "47": 0.4614937518163326, "48": 0.46396396396396405, "49": 0.46004068584713753, "50": 0.45989537925021795, "51": 0.4619296716070911, "52": 0.46352804417320553, "53": 0.465417029933159, "54": 0.46178436501017145, "55": 0.46076721883173494, "56": 0.463673350770125, "57": 0.46396396396396394, "58": 0.45902353966870096, "59": 0.4548096483580355, "60": 0.458732926474862, "61": 0.4552455681487939, "62": 0.45727986050566694, "63": 0.45698924731182794, "64": 0.4606219122348154, "65": 0.45989537925021795, "66": 0.4625108979947691, "67": 0.46469049694856146, "68": 0.4671607090961929, "69": 0.4632374309793665, "70": 0.4593141528625399, "71": 0.4626562045916883, "72": 0.462801511188608, "73": 0.45829700668410345, "74": 0.461639058413252, "75": 0.4597500726532985, "76": 0.45931415286254, "77": 0.45829700668410345, "78": 0.4566986341179889, "79": 0.4594594594594595, "80": 0.46527172333623934, "81": 0.4648358035454808, "82": 0.46512641673932, "83": 0.4652717233362395, "84": 0.4658529497239174, "85": 0.46207497820401044, "86": 0.4622202848009299, "87": 0.4614937518163324, "88": 0.4641092705608834, "89": 0.4620749782040103, "90": 0.45902353966870096, "91": 0.4649811101424004, "92": 0.46817785527462946, "93": 0.4657076431269979, "94": 0.4670154024992734, "95": 0.466288869514676, "96": 0.466579482708515, "97": 0.46396396396396405, "98": 0.4643998837547225, "99": 0.4594594594594595, "100": 0.46178436501017145}}