{"learning rate": 0.00025, "epoch_accuracy": {"51.0": 0.6683933411861545, "52.0": 0.6681520798149383, "53.0": 0.6692306600627279, "54.0": 0.6718419596100081, "55.0": 0.6709478733519719, "56.0": 0.6728211969402381, "57.0": 0.6721116046719555, "58.0": 0.6735307892085208, "59.0": 0.6741410385592439, "60.0": 0.673559172899252, "61.0": 0.6766813788796957, "62.0": 0.677816726508948, "63.0": 0.6770645587045684, "64.0": 0.6769368320962775, "65.0": 0.6791791436640506, "66.0": 0.6787533883030811, "67.0": 0.6785830861586932, "68.0": 0.6800590380767211, "69.0": 0.680186764685012, "70.0": 0.6829115989952174, "71.0": 0.6804280260562281, "72.0": 0.6828264479230234, "73.0": 0.6833941217376496, "74.0": 0.6847991144288492, "75.0": 0.6841888650781262, "76.0": 0.68460042859373, "77.0": 0.6849268410371401, "78.0": 0.686771780934675, "79.0": 0.6883045002341655, "80.0": 0.6878219774917332, "81.0": 0.6887586392858663, "82.0": 0.6888295985126947, "83.0": 0.6902345912038942, "84.0": 0.6894114641726864, "85.0": 0.6888863658941572, "86.0": 0.6900075216780438, "87.0": 0.6892411620282985, "88.0": 0.6912564040702213, "89.0": 0.6920937229467947, "90.0": 0.6923207924726452, "91.0": 0.6925762456892269, "92.0": 0.6912280203794899, "93.0": 0.6934419482565318, "94.0": 0.6948611327930971, "95.0": 0.6927891233697118, "96.0": 0.6933709890297035, "97.0": 0.696053247803812, "98.0": 0.6935412911740914, "99.0": 0.6976995018662276, "100.0": 0.6950456267828505}}