{"epoch_accuracy": {"1": 0.4509037616023449, "2": 0.4520436411007979, "3": 0.45122944145904575, "4": 0.4520436411007979, "5": 0.4518808011724475, "6": 0.4510666015306953, "7": 0.45399772024100304, "8": 0.4562774792379091, "9": 0.45725451880801177, "10": 0.45464907995440484, "11": 0.45432340009770406, "12": 0.45399772024100316, "13": 0.45546327959615696, "14": 0.4533463605276013, "15": 0.4512294414590457, "16": 0.451717961244097, "17": 0.45334636052760136, "18": 0.45106660153069533, "19": 0.4512294414590458, "20": 0.4489496824621398, "21": 0.44862400260543894, "22": 0.4502524018889432, "23": 0.4463442436085329, "24": 0.44634424360853286, "25": 0.4466699234652337, "26": 0.4442273245399772, "27": 0.4466699234652337, "28": 0.44748412310698576, "29": 0.44911252239049004, "30": 0.44715844325028486, "31": 0.44585572382348143, "32": 0.4463442436085328, "33": 0.4409705259729685, "34": 0.4424360853281224, "35": 0.44357596482657546, "36": 0.4443901644683277, "37": 0.4432502849698747, "38": 0.4425989252564729, "39": 0.44406448461162684, "40": 0.44927536231884063, "41": 0.44601856375183196, "42": 0.4450415241817294, "43": 0.4458557238234816, "44": 0.4458557238234815, "45": 0.44471584432502853, "46": 0.4458557238234815, "47": 0.44373880475492583, "48": 0.4443901644683276, "49": 0.4452043641100798, "50": 0.4427617651848234}}