{"epoch_accuracy": {"1": 0.4993464052287582, "2": 0.4993464052287582, "3": 0.49673202614379086, "4": 0.4954248366013072, "5": 0.4980392156862745, "6": 0.4980392156862745, "7": 0.4993464052287582, "8": 0.5071895424836601, "9": 0.5111111111111111, "10": 0.5098039215686274, "11": 0.5071895424836601, "12": 0.5084967320261438, "13": 0.5098039215686274, "14": 0.5071895424836601, "15": 0.5071895424836601, "16": 0.5058823529411764, "17": 0.5111111111111111, "18": 0.5098039215686274, "19": 0.5098039215686274, "20": 0.5084967320261438, "21": 0.5111111111111111, "22": 0.5163398692810458, "23": 0.5124183006535947, "24": 0.5098039215686274, "25": 0.5124183006535947, "26": 0.5124183006535947, "27": 0.5124183006535947, "28": 0.5176470588235295, "29": 0.5202614379084968, "30": 0.515032679738562, "31": 0.5111111111111111, "32": 0.5111111111111111, "33": 0.5006535947712418, "34": 0.5006535947712418, "35": 0.5032679738562091, "36": 0.5006535947712418, "37": 0.4993464052287582, "38": 0.5006535947712418, "39": 0.5032679738562091, "40": 0.5124183006535947, "41": 0.5098039215686274, "42": 0.5124183006535947, "43": 0.5124183006535947, "44": 0.515032679738562, "45": 0.5111111111111111, "46": 0.5137254901960784, "47": 0.5071895424836601, "48": 0.5098039215686274, "49": 0.5111111111111111, "50": 0.5071895424836601}}