{"epoch_accuracy": {"1": 0.766996571576428, "2": 0.771589365418203, "3": 0.7761174720227699, "4": 0.7798046445436315, "5": 0.7832977553528688, "6": 0.7884080470923087, "7": 0.7920305323759622, "8": 0.7950708325247429, "9": 0.7982405071479397, "10": 0.8008279966362637, "11": 0.8035448605990038, "12": 0.8058736011384954, "13": 0.8085904651012356, "14": 0.8104017077430623, "15": 0.8133773206546349, "16": 0.8139595057895077, "17": 0.8151885632964616, "18": 0.8163529335662074, "19": 0.8169998059382884, "20": 0.8182288634452423, "21": 0.8195226081894043, "22": 0.8201047933242771, "23": 0.8212691635940229, "24": 0.8223688466265606, "25": 0.8228216572870173, "26": 0.8235332168963063, "27": 0.8244388382172197, "28": 0.8253444595381332, "29": 0.8262500808590465, "30": 0.8270263277055437, "31": 0.8277378873148328, "32": 0.8286435086357462, "33": 0.829161006533411, "34": 0.8298078789054919, "35": 0.8301960023287406, "36": 0.8312309981240701, "37": 0.8322659939193997, "38": 0.8329775535286887, "39": 0.833753800375186, "40": 0.8347887961705156, "41": 0.8359531664402613, "42": 0.8364706643379262, "43": 0.8374409728960476, "44": 0.8388640921146258, "45": 0.8398344006727473, "46": 0.8408047092308687, "47": 0.8419043922634064, "48": 0.8433275114819846, "49": 0.8442978200401061, "50": 0.8454621903098518}}