{"learning rate": 0.00025, "epoch_accuracy": {"30": 0.4402717000849063}}