{"epoch_accuracy": {"1": 0.4614937518163325, "2": 0.461929671607091, "3": 0.4574251671025865, "4": 0.45655332752106953, "5": 0.45510026155187444, "6": 0.4540831153734379, "7": 0.45975007265329837, "8": 0.4545190351641964, "9": 0.4578610868933449, "10": 0.454664341761116, "11": 0.4552455681487939, "12": 0.4566986341179889, "13": 0.4587329264748619, "14": 0.4594594594594595, "15": 0.4593141528625399, "16": 0.4601859924440569, "17": 0.4614937518163325, "18": 0.458442313281023, "19": 0.45931415286254, "20": 0.461639058413252, "21": 0.46265620459168844, "22": 0.462801511188608, "23": 0.4628015111886079, "24": 0.45989537925021795, "25": 0.4600406858471374, "26": 0.4617843650101715, "27": 0.4610578320255739, "28": 0.4635280441732054, "29": 0.4600406858471373, "30": 0.4600406858471374, "31": 0.45916884626562054, "32": 0.460185992444057, "33": 0.4601859924440569, "34": 0.4610578320255741, "35": 0.4593141528625399, "36": 0.45960476605637884, "37": 0.4607672188317349, "38": 0.46134844521941304, "39": 0.4606219122348154, "40": 0.45902353966870096, "41": 0.457570473699506, "42": 0.45771578029642546, "43": 0.458442313281023, "44": 0.4553908747457135, "45": 0.4580063934902645, "46": 0.45466434176111586, "47": 0.45422842197035745, "48": 0.4561174077303109, "49": 0.45858761987794244, "50": 0.4594594594594595}}