{"epoch_accuracy": {"1": 0.5225027442371021, "2": 0.5268935236004391, "3": 0.5257958287596048, "4": 0.5246981339187706, "5": 0.5225027442371021, "6": 0.5181119648737651, "7": 0.5290889132821076, "8": 0.5214050493962679, "9": 0.5257958287596048, "10": 0.5214050493962679, "11": 0.5279912184412733, "12": 0.5301866081229418, "13": 0.5334796926454446, "14": 0.5323819978046103, "15": 0.5290889132821076, "16": 0.5323819978046103, "17": 0.5323819978046103, "18": 0.5323819978046103, "19": 0.5301866081229418, "20": 0.531284302963776, "21": 0.5301866081229418, "22": 0.5301866081229418, "23": 0.5345773874862788, "24": 0.5301866081229418, "25": 0.5301866081229418, "26": 0.5323819978046103, "27": 0.5290889132821076, "28": 0.5323819978046103, "29": 0.5236004390779363, "30": 0.5246981339187706, "31": 0.5290889132821076, "32": 0.5323819978046103, "33": 0.5279912184412733, "34": 0.5334796926454446, "35": 0.5323819978046103, "36": 0.5323819978046103, "37": 0.5323819978046103, "38": 0.5301866081229418, "39": 0.5268935236004391, "40": 0.5268935236004391, "41": 0.5225027442371021, "42": 0.5236004390779363, "43": 0.5225027442371021, "44": 0.5225027442371021, "45": 0.5236004390779363, "46": 0.5192096597145993, "47": 0.5192096597145993, "48": 0.5203073545554336, "49": 0.5192096597145993, "50": 0.5192096597145993}}