{"learning rate": 0.00025, "epoch_accuracy": {"1.0": 0.6268223706665367, "2.0": 0.6722170754302988, "3.0": 0.6945243551611487, "4.0": 0.7129552879223755, "5.0": 0.7280462236091472, "6.0": 0.7353844653566727, "7.0": 0.7422351162904091, "8.0": 0.7483300014627724, "9.0": 0.755887659076503, "10.0": 0.7570578770295968, "11.0": 0.7646886732653957, "12.0": 0.766858452386757, "13.0": 0.7718806377687845, "14.0": 0.7754888097908236, "15.0": 0.7777073479935638, "16.0": 0.7798283680335463, "17.0": 0.7819493880735287, "18.0": 0.7869228143741772, "19.0": 0.7892876298210542, "20.0": 0.7900921546638061, "21.0": 0.7943585742844604, "22.0": 0.7973328782485738, "23.0": 0.7994295187478668, "24.0": 0.80062411624165, "25.0": 0.8033790043395582, "26.0": 0.8056950607050564, "27.0": 0.805841337949193, "28.0": 0.8120337412843142, "29.0": 0.8109854210346678, "30.0": 0.8081086352333122, "31.0": 0.8108879028719099, "32.0": 0.8146667316787751, "33.0": 0.8163489199863475, "34.0": 0.8156662928470427, "35.0": 0.8176654151835779, "36.0": 0.8195426398166659, "37.0": 0.820517821444244, "38.0": 0.8203471646594178, "39.0": 0.8181286264566776, "40.0": 0.8221756302111268, "41.0": 0.823906577600078, "42.0": 0.8245160661173143, "43.0": 0.8256375249890292, "44.0": 0.8273440928372909, "45.0": 0.8278316836510801, "46.0": 0.8290262811448632, "47.0": 0.8303671558827832, "48.0": 0.8326832122482812, "49.0": 0.8337315324979278, "50.0": 0.8332439416841386}}