{"learning rate": 7.5e-05, "epoch_accuracy": {"1": 0.35876198779424584, "2": 0.36355710549258935, "3": 0.3491717523975589, "4": 0.35309503051438534, "5": 0.3526591107236269, "6": 0.35222319093286836, "7": 0.35353095030514387, "8": 0.35222319093286836, "9": 0.35440278988666085, "10": 0.34655623365300786, "11": 0.35091543156059285, "12": 0.34873583260680036, "13": 0.34524847428073235, "14": 0.34742807323452485, "15": 0.35353095030514387, "16": 0.34612031386224934, "17": 0.34437663469921537, "18": 0.35004359197907586, "19": 0.34786399302528337, "20": 0.35222319093286836, "21": 0.3491717523975589, "22": 0.35701830863121187, "23": 0.35353095030514387, "24": 0.34132519616390583, "25": 0.34524847428073235, "26": 0.3421970357454228, "27": 0.34786399302528337, "28": 0.3421970357454228, "29": 0.35135135135135137, "30": 0.34829991281604183, "31": 0.34481255448997383, "32": 0.35135135135135137, "33": 0.35919790758500436, "34": 0.35178727114210984, "35": 0.35353095030514387, "36": 0.34655623365300786, "37": 0.35047951176983433, "38": 0.35222319093286836, "39": 0.3387096774193548, "40": 0.3548387096774194, "41": 0.35047951176983433, "42": 0.34742807323452485, "43": 0.35091543156059285, "44": 0.35091543156059285, "45": 0.3491717523975589, "46": 0.34524847428073235, "47": 0.34481255448997383, "48": 0.3421970357454228, "49": 0.3561464690496949, "50": 0.34786399302528337}}