{"learning rate": 7.5e-05, "epoch_accuracy": {"1.0": 0.7484948744372729, "2.0": 0.7673699625752562, "3.0": 0.7790855345229701, "4.0": 0.7857026631230677, "5.0": 0.7901502413624776, "6.0": 0.7931876118674405, "7.0": 0.7959537885773174, "8.0": 0.7976894288658676, "9.0": 0.7991538753593318, "10.0": 0.8006725606118132, "11.0": 0.8019742908282258, "12.0": 0.8025166784183978, "13.0": 0.8036556923577588, "14.0": 0.804252318706948, "15.0": 0.8049031838151544, "16.0": 0.805391332646309, "17.0": 0.8060421977545154, "18.0": 0.8066930628627217, "19.0": 0.807343927970928, "20.0": 0.8075608830069968, "21.0": 0.8078863155610999, "22.0": 0.8086998969463579, "23.0": 0.8089168519824267, "24.0": 0.8091880457775126, "25.0": 0.8103270597168737, "26.0": 0.8110321635840972, "27.0": 0.810435537234908, "28.0": 0.8110864023431144, "29.0": 0.811249118620166, "30.0": 0.8122254162824755, "31.0": 0.81406953408906, "32.0": 0.8148831154743179, "33.0": 0.8163475619677821, "34.0": 0.8173780983891089, "35.0": 0.8176492921841948, "36.0": 0.819113738677659, "37.0": 0.8204154688940717, "38.0": 0.8206324239301405, "39.0": 0.8228019742908282, "40.0": 0.823018929326897, "41.0": 0.8245376145793785, "42.0": 0.8240494657482237, "43.0": 0.8251342409285676, "44.0": 0.8271953137712209, "45.0": 0.8276834626023757, "46.0": 0.8290394315778055, "47.0": 0.8297987742040462, "48.0": 0.8309377881434072, "49.0": 0.8311005044204589, "50.0": 0.8318056082876824}}