{"learning rate": 0.00025, "epoch_accuracy": {"5": 0.35135135135135137, "6": 0.35178727114210984, "7": 0.35701830863121187, "8": 0.34829991281604183, "9": 0.35440278988666085, "10": 0.35309503051438534, "11": 0.34786399302528337, "12": 0.34786399302528337, "13": 0.35178727114210984, "14": 0.35004359197907586, "15": 0.3469921534437663, "16": 0.35440278988666085, "17": 0.34481255448997383, "18": 0.34873583260680036, "19": 0.3526591107236269, "20": 0.35309503051438534, "21": 0.34742807323452485, "22": 0.35876198779424584, "23": 0.35091543156059285, "24": 0.3421970357454228, "25": 0.3456843940714908, "26": 0.36137750653879686, "27": 0.34742807323452485, "28": 0.35178727114210984, "29": 0.34437663469921537, "30": 0.34481255448997383, "31": 0.3469921534437663, "32": 0.34524847428073235, "33": 0.3491717523975589, "34": 0.34394071490845685, "35": 0.3387096774193548, "36": 0.3421970357454228, "37": 0.34437663469921537, "38": 0.34437663469921537, "39": 0.34045335658238884, "40": 0.33740191804707936, "41": 0.34612031386224934, "42": 0.34742807323452485, "43": 0.33914559721011334, "44": 0.35527462946817784, "45": 0.34263295553618134, "46": 0.35222319093286836, "47": 0.34873583260680036, "48": 0.34612031386224934, "49": 0.3421970357454228, "50": 0.34394071490845685}}