{"learning rate": 1e-05, "epoch_accuracy": {"1.0": 0.48567429168807696, "2.0": 0.49928238566897604, "3.0": 0.5057852118291192, "4.0": 0.5118096284352464, "5.0": 0.514378864929036, "6.0": 0.5189148962560023, "7.0": 0.5203678437904212, "8.0": 0.5243545900738877, "9.0": 0.5272604851427255, "10.0": 0.5299891914878537, "11.0": 0.5310346049577405, "12.0": 0.5344189095805942, "13.0": 0.5342948774739975, "14.0": 0.5360136080939809, "15.0": 0.538299342629835, "16.0": 0.5394333504615766, "17.0": 0.5412052376986729, "18.0": 0.544394634725446, "19.0": 0.545404610450591, "20.0": 0.5445009479596719, "21.0": 0.5485231319878803, "22.0": 0.5478143770930418, "23.0": 0.5484699753707674, "24.0": 0.5504722079486861, "25.0": 0.5540514201676205, "26.0": 0.5537324804649432, "27.0": 0.5536793238478304, "28.0": 0.5539451069333947, "29.0": 0.5557347130428619, "30.0": 0.5574357247904743, "31.0": 0.5573825681733614, "32.0": 0.5557878696599748, "33.0": 0.5587469213459255, "34.0": 0.5578432588550065, "35.0": 0.5591367365380867, "36.0": 0.5615465031805376, "37.0": 0.5608377482856991, "38.0": 0.5608200294133281, "39.0": 0.56324751492815, "40.0": 0.5639385509506175, "41.0": 0.5653383418679235, "42.0": 0.5650371210376172, "43.0": 0.5655332494640041, "44.0": 0.5656572815706008, "45.0": 0.5667912894023425, "46.0": 0.5667381327852296, "47.0": 0.5678721406169711, "48.0": 0.5680847670854227, "49.0": 0.5694845580027287, "50.0": 0.5691656183000514}}