{"learning rate": 0.00025, "epoch_accuracy": {"1": 0.35919790758500436, "2": 0.35658238884045335, "3": 0.35396687009590233, "4": 0.35309503051438534, "5": 0.3548387096774194, "6": 0.35047951176983433, "7": 0.35047951176983433, "8": 0.34829991281604183, "9": 0.35047951176983433, "10": 0.33740191804707936, "11": 0.35440278988666085, "12": 0.34481255448997383, "13": 0.35091543156059285, "14": 0.35222319093286836, "15": 0.35658238884045335, "16": 0.35745422842197033, "17": 0.34873583260680036, "18": 0.34263295553618134, "19": 0.35091543156059285, "20": 0.35396687009590233, "21": 0.35222319093286836, "22": 0.3400174367916303, "23": 0.35353095030514387, "24": 0.3596338273757629, "25": 0.34960767218831734, "26": 0.35745422842197033, "27": 0.34742807323452485, "28": 0.35745422842197033, "29": 0.35222319093286836, "30": 0.3491717523975589, "31": 0.3491717523975589, "32": 0.34873583260680036, "33": 0.35135135135135137, "34": 0.3469921534437663, "35": 0.35745422842197033, "36": 0.34742807323452485, "37": 0.35222319093286836, "38": 0.34786399302528337, "39": 0.35004359197907586, "40": 0.3469921534437663, "41": 0.34786399302528337, "42": 0.34481255448997383, "43": 0.33958151700087186, "44": 0.34263295553618134, "45": 0.35135135135135137, "46": 0.35701830863121187, "47": 0.35222319093286836, "48": 0.34481255448997383, "49": 0.35047951176983433, "50": 0.34960767218831734}}