{"learning rate": 7.5e-05, "epoch_accuracy": {"1.0": 0.6595397142717832, "2.0": 0.6944999756204593, "3.0": 0.7115900336437662, "4.0": 0.7243892925057291, "5.0": 0.7331903066946218, "6.0": 0.7405773075235262, "7.0": 0.7467940903993369, "8.0": 0.7518406553220537, "9.0": 0.7557413818323663, "10.0": 0.7612023989468039, "11.0": 0.7642742210736749, "12.0": 0.7667853137646887, "13.0": 0.7687600565605344, "14.0": 0.7714418060363742, "15.0": 0.7740747964308352, "16.0": 0.7755863279535814, "17.0": 0.7783412160514895, "18.0": 0.7784874932956263, "19.0": 0.7816080745038764, "20.0": 0.7840947876542006, "21.0": 0.7858744941245307, "22.0": 0.7873860256472768, "23.0": 0.7884831049783022, "24.0": 0.7885318640596811, "25.0": 0.7908722999658686, "26.0": 0.79304207908723, "27.0": 0.7927495245989565, "28.0": 0.7938953630113609, "29.0": 0.7959920035106539, "30.0": 0.7959676239699645, "31.0": 0.7973328782485738, "32.0": 0.7996245550733824, "33.0": 0.8000633868057926, "34.0": 0.800892291189234, "35.0": 0.8025013408747379, "36.0": 0.8028182749037008, "37.0": 0.801379882003023, "38.0": 0.804866156321615, "39.0": 0.8052562289726461, "40.0": 0.805353747135404, "41.0": 0.8067190014140133, "42.0": 0.8075479057974547, "43.0": 0.8081573943146911, "44.0": 0.8089131600760642, "45.0": 0.8103515529767419, "46.0": 0.811594909551904, "47.0": 0.8125700911794822, "48.0": 0.8129357842898239, "49.0": 0.8140328636208494, "50.0": 0.8149592861670486}}