{"epoch_accuracy": {"1": 0.6993203058623619, "2": 0.705607476635514, "3": 0.7125743415463042, "4": 0.7180118946474087, "5": 0.723874256584537, "6": 0.7301614273576891, "7": 0.7335598980458794, "8": 0.7380628717077315, "9": 0.7417162276975361, "10": 0.7451996601529312, "11": 0.7491928632115548, "12": 0.7516567544604927, "13": 0.754035683942226, "14": 0.7566694987255735, "15": 0.7590484282073067, "16": 0.7618521665250637, "17": 0.7638062871707731, "18": 0.7663551401869159, "19": 0.7685641461342396, "20": 0.7687340696686491, "21": 0.7704333050127443, "22": 0.7718776550552251, "23": 0.7725573491928632, "24": 0.7734919286321156, "25": 0.7750212404418012, "26": 0.776125743415463, "27": 0.7774851316907392, "28": 0.777909940526763, "29": 0.7780798640611725, "30": 0.7790994052676296, "31": 0.7806287170773152, "32": 0.7824129141886151, "33": 0.7818181818181819, "34": 0.7827527612574342, "35": 0.784197111299915, "36": 0.7851316907391673, "37": 0.7853016142735769, "38": 0.7857264231096007, "39": 0.7870858113848768, "40": 0.7876805437553102, "41": 0.7881053525913339, "42": 0.788785046728972, "43": 0.7896346644010196, "44": 0.7906542056074767, "45": 0.7910790144435004, "46": 0.792268479184367, "47": 0.7929481733220051, "48": 0.7934579439252336, "49": 0.7945624468988955, "50": 0.7954970263381478}}