{"learning rate": 0.00025, "epoch_accuracy": {"1.0": 0.7241736205446665, "2.0": 0.7472022769907497, "3.0": 0.76046316061841, "4.0": 0.7755999741251051, "5.0": 0.7766996571576428, "6.0": 0.7862733682644414, "7.0": 0.7931302154084999, "8.0": 0.7968820751665696, "9.0": 0.8008279966362637, "10.0": 0.8013454945339284, "11.0": 0.8039329840222524, "12.0": 0.8057442266640792, "13.0": 0.8074260948314897, "14.0": 0.8081376544407788, "15.0": 0.8057442266640792, "16.0": 0.8106604566918947, "17.0": 0.8142182547383401, "18.0": 0.8140888802639239, "19.0": 0.8149945015848373, "20.0": 0.8162235590917912, "21.0": 0.8157707484313345, "22.0": 0.8182288634452423, "23.0": 0.8163529335662074, "24.0": 0.8198460443754447, "25.0": 0.8201694805614852, "26.0": 0.8227569700498092, "27.0": 0.8180994889708261, "28.0": 0.8175819910731613, "29.0": 0.8205576039847338, "30.0": 0.823339155184682, "31.0": 0.8237272786079306, "32.0": 0.8218513487288958, "33.0": 0.821333850831231, "34.0": 0.8245035254544278, "35.0": 0.8283847596869137, "36.0": 0.8292903810078271, "37.0": 0.8300019406171163, "38.0": 0.830519438514781, "39.0": 0.8306488129891972, "40.0": 0.8345300472216831, "41.0": 0.8329128662914806, "42.0": 0.8353062940681804, "43.0": 0.8367941005239666, "44.0": 0.8378290963192963, "45.0": 0.8385406559285853, "46.0": 0.8394462772494987, "47.0": 0.8387994048774177, "48.0": 0.8404812730448282, "49.0": 0.8411928326541174, "50.0": 0.838993466589042}}