{"epoch_accuracy": {"1": 0.7017841971112999, "2": 0.7109600679694138, "3": 0.7203058623619372, "4": 0.726677994902294, "5": 0.7328802039082413, "6": 0.7365335598980459, "7": 0.7395921835174172, "8": 0.7420560747663552, "9": 0.7467289719626168, "10": 0.7497875955819882, "11": 0.7531011045029736, "12": 0.7548003398470688, "13": 0.7576890399320306, "14": 0.7596431605777401, "15": 0.7627017841971113, "16": 0.7643160577740017, "17": 0.765250637213254, "18": 0.7674596431605777, "19": 0.7676295666949873, "20": 0.7695836873406967, "21": 0.7717926932880204, "22": 0.7724723874256585, "23": 0.7745114698385727, "24": 0.7738317757009345, "25": 0.7745964316057774, "26": 0.7752761257434154, "27": 0.7767204757858963, "28": 0.7775700934579439, "29": 0.7793542905692439, "30": 0.7790144435004248, "31": 0.7805437553101104, "32": 0.781393372982158, "33": 0.7823279524214104, "34": 0.7828377230246389, "35": 0.7847068819031436, "36": 0.7856414613423959, "37": 0.7861512319456244, "38": 0.7878504672897196, "39": 0.789124893797791, "40": 0.7903993203058624, "41": 0.7921835174171623, "42": 0.7909090909090909, "43": 0.7920985556499576, "44": 0.7932880203908241, "45": 0.7945624468988955, "46": 0.794732370433305, "47": 0.7960067969413763, "48": 0.7977060322854715, "49": 0.7972812234494477, "50": 0.7973661852166525, "51": 0.7983007646559048, "52": 0.7995751911639762, "53": 0.8007646559048428, "54": 0.8008496176720475, "55": 0.8016992353440952, "56": 0.8020390824129142, "57": 0.8012744265080713, "58": 0.802124044180119, "59": 0.8025488530161428, "60": 0.8035683942225998, "61": 0.8039082412914189, "62": 0.8043330501274426, "63": 0.8039082412914189, "64": 0.8035683942225998, "65": 0.8033135089209855, "66": 0.8045879354290569, "67": 0.8045029736618522, "68": 0.8045029736618522, "69": 0.8061172472387426, "70": 0.8063721325403569, "71": 0.8065420560747664, "72": 0.8067119796091758, "73": 0.8065420560747664, "74": 0.8055225148683093, "75": 0.8051826677994902, "76": 0.8060322854715378, "77": 0.8068819031435854, "78": 0.8070518266779949, "79": 0.8081563296516567, "80": 0.80875106202209, "81": 0.8101104502973662, "82": 0.8113848768054376, "83": 0.8128292268479185, "84": 0.814018691588785, "85": 0.8122344944774851, "86": 0.8126593033135089, "87": 0.8129141886151232, "88": 0.8142735768903994, "89": 0.8146134239592183, "90": 0.8152081563296517, "91": 0.8156329651656754, "92": 0.8162276975361088, "93": 0.8178419711129992, "94": 0.8181818181818182, "95": 0.8188615123194563, "96": 0.8188615123194563, "97": 0.8197960917587086, "98": 0.8202209005947324, "99": 0.8206457094307562, "100": 0.8228547153780799}}