{"epoch_accuracy": {"1": 0.5084967320261438, "2": 0.5006535947712418, "3": 0.5019607843137255, "4": 0.5019607843137255, "5": 0.5019607843137255, "6": 0.5019607843137255, "7": 0.5006535947712418, "8": 0.5084967320261438, "9": 0.5019607843137255, "10": 0.5045751633986928, "11": 0.5071895424836601, "12": 0.5071895424836601, "13": 0.5098039215686274, "14": 0.515032679738562, "15": 0.5098039215686274, "16": 0.5006535947712418, "17": 0.5045751633986928, "18": 0.5163398692810458, "19": 0.5058823529411764, "20": 0.5098039215686274, "21": 0.5124183006535947, "22": 0.5032679738562091, "23": 0.5071895424836601, "24": 0.5006535947712418, "25": 0.5006535947712418, "26": 0.4980392156862745, "27": 0.5006535947712418, "28": 0.49673202614379086, "29": 0.5006535947712418, "30": 0.5019607843137255, "31": 0.4928104575163399, "32": 0.4980392156862745, "33": 0.49673202614379086, "34": 0.4954248366013072, "35": 0.5019607843137255, "36": 0.5045751633986928, "37": 0.5006535947712418, "38": 0.5019607843137255, "39": 0.49673202614379086, "40": 0.4980392156862745, "41": 0.49673202614379086, "42": 0.5045751633986928, "43": 0.5045751633986928, "44": 0.5058823529411764, "45": 0.5006535947712418, "46": 0.5058823529411764, "47": 0.4993464052287582, "48": 0.4980392156862745, "49": 0.5045751633986928, "50": 0.4993464052287582, "51": 0.5032679738562091, "52": 0.49673202614379086, "53": 0.49411764705882355, "54": 0.48627450980392156, "55": 0.4915032679738562, "56": 0.4928104575163399, "57": 0.4888888888888889, "58": 0.4875816993464052, "59": 0.48627450980392156, "60": 0.4888888888888889, "61": 0.5006535947712418, "62": 0.4980392156862745, "63": 0.4980392156862745, "64": 0.4993464052287582, "65": 0.5045751633986928, "66": 0.49019607843137253, "67": 0.49673202614379086, "68": 0.49673202614379086, "69": 0.49673202614379086, "70": 0.4954248366013072, "71": 0.48627450980392156, "72": 0.4875816993464052, "73": 0.49411764705882355, "74": 0.4928104575163399, "75": 0.4928104575163399, "76": 0.49673202614379086, "77": 0.4980392156862745, "78": 0.5006535947712418, "79": 0.4980392156862745, "80": 0.5032679738562091, "81": 0.4993464052287582, "82": 0.49411764705882355, "83": 0.4888888888888889, "84": 0.4928104575163399, "85": 0.4993464052287582, "86": 0.4980392156862745, "87": 0.5019607843137255, "88": 0.5071895424836601, "89": 0.5058823529411764, "90": 0.5071895424836601, "91": 0.5019607843137255, "92": 0.4993464052287582, "93": 0.4993464052287582, "94": 0.5006535947712418, "95": 0.4993464052287582, "96": 0.4915032679738562, "97": 0.4875816993464052, "98": 0.4888888888888889, "99": 0.4888888888888889, "100": 0.4915032679738562}}