{"epoch_accuracy": {"1": 0.45790587852141335, "2": 0.45236932095749877, "3": 0.45611463930955876, "4": 0.45350920045595183, "5": 0.4525321608858493, "6": 0.454323400097704, "7": 0.4535092004559519, "8": 0.45774303859306303, "9": 0.4538348803126526, "10": 0.45464907995440484, "11": 0.4541605601693536, "12": 0.4549747598111057, "13": 0.45855723823481515, "14": 0.45953427780491773, "15": 0.45660315909460997, "16": 0.4533463605276014, "17": 0.45481191988275527, "18": 0.4559517993812083, "19": 0.4523693209574988, "20": 0.4533463605276013, "21": 0.45464907995440484, "22": 0.45334636052760136, "23": 0.4518808011724475, "24": 0.4496010421755414, "25": 0.448298322748738, "26": 0.4465070835368833, "27": 0.44911252239049015, "28": 0.44797264289203714, "29": 0.4486240026054389, "30": 0.4476469630353362, "31": 0.4443901644683277, "32": 0.4461814036801824, "33": 0.44780980296368667, "34": 0.4448786842533789, "35": 0.4499267220322424, "36": 0.4504152418172936, "37": 0.4492753623188405, "38": 0.45253216088584913, "39": 0.4500895619605927, "40": 0.4507409216739945, "41": 0.44894968246213973, "42": 0.45090376160234485, "43": 0.44894968246213973, "44": 0.4517179612440971, "45": 0.45318352059925093, "46": 0.45513759973945606, "47": 0.44927536231884063, "48": 0.44732128317863534, "49": 0.44894968246213973, "50": 0.4447158443250285, "51": 0.44683276339358396, "52": 0.4445530043966781, "53": 0.4452043641100798, "54": 0.4416218856863703, "55": 0.4478098029636867, "56": 0.44536720403843033, "57": 0.4432502849698746, "58": 0.4445530043966781, "59": 0.44455300439667805, "60": 0.44243608532812245, "61": 0.4479726428920372, "62": 0.4453672040384303, "63": 0.4414590457580199, "64": 0.44601856375183196, "65": 0.4481354828203876, "66": 0.44276176518482335, "67": 0.44471584432502853, "68": 0.4440644846116268, "69": 0.4450415241817293, "70": 0.44553004396678053, "71": 0.4432502849698745, "72": 0.4442273245399772, "73": 0.44569288389513106, "74": 0.4481354828203875, "75": 0.44683276339358413, "76": 0.44618140368018233, "77": 0.4484611626770884, "78": 0.4489496824621397, "79": 0.446832763393584, "80": 0.4500895619605927, "81": 0.45090376160234485, "82": 0.4502524018889431, "83": 0.44894968246213973, "84": 0.44813548282038757, "85": 0.4510666015306953, "86": 0.44862400260543883, "87": 0.45122944145904575, "88": 0.4526950008141996, "89": 0.4526950008141996, "90": 0.4518808011724475, "91": 0.45155512131574654, "92": 0.45236932095749877, "93": 0.45057808174564407, "94": 0.4492753623188406, "95": 0.4481354828203875, "96": 0.4450415241817293, "97": 0.44439016446832763, "98": 0.44390164468327625, "99": 0.44455300439667805, "100": 0.44439016446832763}}