{"learning rate": 0.00025, "epoch_accuracy": {"1.0": 0.48484848484848486, "2.0": 0.5005786626986939, "3.0": 0.5120338222442665, "4.0": 0.5167575993764614, "5.0": 0.5241503105883465, "6.0": 0.5256146814993269, "7.0": 0.5315194029145704, "8.0": 0.5351803301920215, "9.0": 0.5337395781667021, "10.0": 0.537518599872458, "11.0": 0.5376366943007629, "12.0": 0.539313635182692, "13.0": 0.5431635135454309, "14.0": 0.5398332506672335, "15.0": 0.546848059708543, "16.0": 0.5501547037010793, "17.0": 0.5489501405323697, "18.0": 0.5506034625286379, "19.0": 0.5498240393018258, "20.0": 0.5540754387208011, "21.0": 0.557004180542762, "22.0": 0.5596731146224521, "23.0": 0.5596022579654691, "24.0": 0.5620586220742105, "25.0": 0.5620586220742105, "26.0": 0.5629561397293276, "27.0": 0.5659557382082714, "28.0": 0.5645386050686129, "29.0": 0.5685301967453176, "30.0": 0.569994567656298, "31.0": 0.5717659840808711, "32.0": 0.5750490091877465, "33.0": 0.5741278726469685, "34.0": 0.5707031342261272, "35.0": 0.575474149129644, "36.0": 0.5747183447884929, "37.0": 0.575521386900966, "38.0": 0.5807411606320414, "39.0": 0.5771983277828951, "40.0": 0.5828904792271901, "41.0": 0.5805994473180756, "42.0": 0.5835990457970193, "43.0": 0.5846618956517632, "44.0": 0.5832683813977656, "45.0": 0.5860790287914216, "46.0": 0.5863860743050143, "47.0": 0.586575025390302, "48.0": 0.5896218616405678, "49.0": 0.587637875245046, "50.0": 0.5897635749545337, "51.0": 0.5887007250997898, "52.0": 0.5906610926096507, "53.0": 0.5901650960107702, "54.0": 0.5927631734334774, "55.0": 0.592267176834597, "56.0": 0.5939204988308652, "57.0": 0.5938968799452042, "58.0": 0.593164694489714, "59.0": 0.5942747821157798, "60.0": 0.5944401143154066, "61.0": 0.5936606910885944, "62.0": 0.5985261815347552, "63.0": 0.5964241007109284, "64.0": 0.598691513734382, "65.0": 0.5951959186565577, "66.0": 0.6013132100427502, "67.0": 0.5992347481045844, "68.0": 0.6003448357306502, "69.0": 0.5999433146744136, "70.0": 0.5972271428234016, "71.0": 0.6037223363801696, "72.0": 0.6016202555563428, "73.0": 0.6001795035310235, "74.0": 0.6030137698103404, "75.0": 0.602423297668816, "76.0": 0.60421833297905, "77.0": 0.6053992772620987, "78.0": 0.6049977562058622, "79.0": 0.6036514797231867, "80.0": 0.6053520394907769, "81.0": 0.6059897494036232, "82.0": 0.6069345048300622, "83.0": 0.6058007983183353, "84.0": 0.608894872339923, "85.0": 0.6086114457119913, "86.0": 0.6077375469425352, "87.0": 0.6094381067101254, "88.0": 0.6082571624270767, "89.0": 0.608044592456128, "90.0": 0.6103592432509034, "91.0": 0.6092727745104985, "92.0": 0.6105245754505303, "93.0": 0.6085405890550084, "94.0": 0.6096742955667351, "95.0": 0.6095562011384303, "96.0": 0.6124140863034082, "97.0": 0.6127447507026619, "98.0": 0.6132171284158814, "99.0": 0.6135950305864569, "100.0": 0.6092491556248376}}