{"epoch_accuracy": {"1": 0.7699074972507924, "2": 0.7762468464971861, "3": 0.7828449446924122, "4": 0.7889255449899735, "5": 0.7937124005433728, "6": 0.7980464454363154, "7": 0.8016042434827608, "8": 0.8042564202082929, "9": 0.8061970373245358, "10": 0.8083964033896113, "11": 0.810854518403519, "12": 0.81285982275697, "13": 0.8146710653987969, "14": 0.8165469952778317, "15": 0.8178407400219937, "16": 0.8195872954266124, "17": 0.8210751018823986, "18": 0.8221747849149362, "19": 0.8236625913707225, "20": 0.8252150850637169, "21": 0.8266382042822951, "22": 0.8280613235008732, "23": 0.829161006533411, "24": 0.8302606895659487, "25": 0.8320072449705673, "26": 0.833106928003105, "27": 0.833753800375186, "28": 0.8345947344588912, "29": 0.8361472281518856, "30": 0.8372469111844233, "31": 0.838346594216961, "32": 0.8393169027750825, "33": 0.840351898570412, "34": 0.8415809560773659, "35": 0.8426806391099037, "36": 0.8431334497703603, "37": 0.844233132802898, "38": 0.8447506307005628, "39": 0.8455915647842681, "40": 0.8466265605795976, "41": 0.8474028074260949, "42": 0.8483084287470082, "43": 0.8489553011190892, "44": 0.8495374862539621, "45": 0.8501843586260431, "46": 0.8510252927097484, "47": 0.8516074778446212, "48": 0.8522543502167023, "49": 0.8527071608771589, "50": 0.8534187204864481, "51": 0.854065592858529, "52": 0.8545184035189857, "53": 0.8548418397050263, "54": 0.8549712141794424, "55": 0.8558121482631477, "56": 0.8563296461608124, "57": 0.8565237078724368, "58": 0.8567177695840611, "59": 0.8570412057701016, "60": 0.8577527653793906, "61": 0.8578821398538068, "62": 0.8583349505142636, "63": 0.858658386700304, "64": 0.8593699463095931, "65": 0.8598227569700498, "66": 0.8604696293421308, "67": 0.8604696293421308, "68": 0.8607283782909632, "69": 0.8613105634258361, "70": 0.8617633740862928, "71": 0.8620221230351252, "72": 0.8626043081699981, "73": 0.8631218060676629, "74": 0.8635099294909114, "75": 0.8640921146257843, "76": 0.8642214891002006, "77": 0.864480238049033, "78": 0.8647389869978653, "79": 0.8650624231839058, "80": 0.8657092955559869, "81": 0.8662267934536516, "82": 0.866485542402484, "83": 0.8667442913513164, "84": 0.8673264764861893, "85": 0.8674558509606055, "86": 0.8679086616210622, "87": 0.868490846755935, "88": 0.8687495957047674, "89": 0.8692024063652242, "90": 0.8693317808396404, "91": 0.8695905297884727, "92": 0.8702374021605537, "93": 0.8702374021605537, "94": 0.8705608383465943, "95": 0.8708842745326347, "96": 0.8708842745326347, "97": 0.8715958341419238, "98": 0.8719192703279643, "99": 0.8724367682256291, "100": 0.8726308299372534}}