{"learning rate": 0.00025, "epoch_accuracy": {"5": 0.3456843940714908, "6": 0.34873583260680036, "7": 0.34873583260680036, "8": 0.35222319093286836, "9": 0.34829991281604183, "10": 0.3583260680034874, "11": 0.34524847428073235, "12": 0.35309503051438534, "13": 0.34263295553618134, "14": 0.3561464690496949, "15": 0.35527462946817784, "16": 0.35004359197907586, "17": 0.34612031386224934, "18": 0.34829991281604183, "19": 0.35440278988666085, "20": 0.3561464690496949, "21": 0.3469921534437663, "22": 0.3456843940714908, "23": 0.34873583260680036, "24": 0.34829991281604183, "25": 0.34873583260680036, "26": 0.34481255448997383, "27": 0.34612031386224934, "28": 0.3583260680034874, "29": 0.34437663469921537, "30": 0.34655623365300786, "31": 0.35701830863121187, "32": 0.34263295553618134, "33": 0.34829991281604183, "34": 0.33740191804707936, "35": 0.34655623365300786, "36": 0.34524847428073235, "37": 0.34786399302528337, "38": 0.35222319093286836, "39": 0.34786399302528337, "40": 0.34481255448997383, "41": 0.35178727114210984, "42": 0.35004359197907586, "43": 0.34829991281604183, "44": 0.34873583260680036, "45": 0.34829991281604183, "46": 0.34786399302528337, "47": 0.35004359197907586, "48": 0.35135135135135137, "49": 0.34481255448997383, "50": 0.35135135135135137}}