{"learning rate": 2.5e-05, "epoch_accuracy": {"1.0": 0.5312859231085818, "2.0": 0.5501326937541688, "3.0": 0.5598257241389097, "4.0": 0.5678015412344067, "5.0": 0.5732795935455487, "6.0": 0.5769410896498872, "7.0": 0.5804748591459348, "8.0": 0.5839234775697884, "9.0": 0.588110071952656, "10.0": 0.5896002157160496, "11.0": 0.5908207144174957, "12.0": 0.5944254431403715, "13.0": 0.594893774037438, "14.0": 0.59939258901835, "15.0": 0.600783389864184, "16.0": 0.6019471211841676, "17.0": 0.6035933752465833, "18.0": 0.603933979535359, "19.0": 0.6057789194328939, "20.0": 0.6072264876601905, "21.0": 0.6090714275577254, "22.0": 0.6075954756396974, "23.0": 0.6104054610220967, "24.0": 0.6105189957850219, "25.0": 0.6102067751869775, "26.0": 0.6139534223635099, "27.0": 0.6119523721669529, "28.0": 0.6141237245078978, "29.0": 0.6152732639825157, "30.0": 0.61493265969374, "31.0": 0.6164086116117679, "32.0": 0.6177710287668705, "33.0": 0.6176433021585797, "34.0": 0.6177568369215048, "35.0": 0.6195875849736742, "36.0": 0.620822275520486, "37.0": 0.6199565729531811, "38.0": 0.6190908703858763, "39.0": 0.6195733931283085, "40.0": 0.6212906064175525, "41.0": 0.6230787789336247, "42.0": 0.6224259540468047, "43.0": 0.6236038772121539, "44.0": 0.6228091338716774, "45.0": 0.6239160978101983, "46.0": 0.6236464527482508, "47.0": 0.6263996707491876, "48.0": 0.6270950711721045, "49.0": 0.6278046634403871, "50.0": 0.6268112342647915}}