{"learning rate": 0.00025, "epoch_accuracy": {"1": 0.34524847428073235, "2": 0.34960767218831734, "3": 0.35919790758500436, "4": 0.35047951176983433, "5": 0.35527462946817784, "6": 0.35440278988666085, "7": 0.34829991281604183, "8": 0.35571054925893636, "9": 0.35091543156059285, "10": 0.34394071490845685, "11": 0.35091543156059285, "12": 0.35178727114210984, "13": 0.34524847428073235, "14": 0.35222319093286836, "15": 0.35527462946817784, "16": 0.34263295553618134, "17": 0.35178727114210984, "18": 0.35919790758500436, "19": 0.34873583260680036, "20": 0.34655623365300786, "21": 0.35091543156059285, "22": 0.35047951176983433, "23": 0.34786399302528337, "24": 0.35004359197907586, "25": 0.3526591107236269, "26": 0.34437663469921537, "27": 0.34786399302528337, "28": 0.33217088055797733, "29": 0.34612031386224934, "30": 0.3456843940714908, "31": 0.35004359197907586, "32": 0.34829991281604183, "33": 0.34524847428073235, "34": 0.33565823888404533, "35": 0.34873583260680036, "36": 0.34960767218831734, "37": 0.35091543156059285, "38": 0.34786399302528337, "39": 0.34612031386224934, "40": 0.3456843940714908, "41": 0.34960767218831734, "42": 0.34524847428073235, "43": 0.35222319093286836, "44": 0.3387096774193548, "45": 0.34481255448997383, "46": 0.34394071490845685, "47": 0.34088927637314737, "48": 0.35353095030514387, "49": 0.35353095030514387, "50": 0.35876198779424584}}