{"learning rate": 0.0001, "epoch_accuracy": {"1.0": 0.5117998412764714, "2.0": 0.5275677707698091, "3.0": 0.5328515935006892, "4.0": 0.5395138047700597, "5.0": 0.543001545465937, "6.0": 0.5455494757946618, "7.0": 0.5470740570569316, "8.0": 0.5499979115325174, "9.0": 0.5512509920220542, "10.0": 0.5522534564136836, "11.0": 0.5527964579591496, "12.0": 0.5579132032914248, "13.0": 0.5572657783718308, "14.0": 0.5568272002004929, "15.0": 0.5596884006516019, "16.0": 0.5578087799172967, "17.0": 0.5641159517146318, "18.0": 0.5618812915082912, "19.0": 0.5612547512635229, "20.0": 0.5668100747671359, "21.0": 0.5645754145607953, "22.0": 0.5682928866797544, "23.0": 0.5675828077356836, "24.0": 0.5698174679420241, "25.0": 0.5712793951798171, "26.0": 0.571822396725283, "27.0": 0.5719894741238879, "28.0": 0.5758113696169751, "29.0": 0.5772106428302911, "30.0": 0.5782339918967462, "31.0": 0.57802514514849, "32.0": 0.5794035336869805, "33.0": 0.5794661877114573, "34.0": 0.5805730754772148, "35.0": 0.5819932333653565, "36.0": 0.5823691575122175, "37.0": 0.5841652395472202, "38.0": 0.5808028069002965, "39.0": 0.5842905475961739, "40.0": 0.5839563927989642, "41.0": 0.5884465978864709, "42.0": 0.5876947495927488, "43.0": 0.5876947495927488, "44.0": 0.587903596341005, "45.0": 0.5878409423165282, "46.0": 0.5895117163025771, "47.0": 0.5916837224844409, "48.0": 0.5930412263481057, "49.0": 0.5900338331732174, "50.0": 0.5911198362641493}}