{"learning rate": 7.5e-05, "epoch_accuracy": {"1": 0.28899825805564755, "2": 0.34103124007057917, "3": 0.3647536827588072, "4": 0.3815398968354302, "5": 0.39668331992509415, "6": 0.4093434019068995, "7": 0.42011731645923334, "8": 0.43137798389659204, "9": 0.43938011118697845, "10": 0.44797039821343665, "11": 0.45598829990287476, "12": 0.46109920519563635, "13": 0.46792501301387923, "14": 0.4750572948708415, "15": 0.4800577793702409, "16": 0.4851889660332119, "17": 0.4901962109893478, "18": 0.49422769668985506, "19": 0.49816904296720954, "20": 0.5004383029450803, "21": 0.5051345668913392, "22": 0.507863537927289, "23": 0.5118679818008505, "24": 0.5144662506732288, "25": 0.5165777666605823, "26": 0.5202464411828996, "27": 0.5227793589734923, "28": 0.5244334173883454, "29": 0.52654267989012, "30": 0.5281696964780274, "31": 0.5302924798932749, "32": 0.5329718742464907, "33": 0.5336186246076118, "34": 0.536505339634079, "35": 0.5373211014136116, "36": 0.5389391040592035, "37": 0.5399126098292534, "38": 0.5410213247340324, "39": 0.5427745365143536}}