{"learning rate": 7.5e-05, "epoch_accuracy": {"5": 0.37291116564188215, "6": 0.3799835785662969, "7": 0.38529721861966654, "8": 0.39195443052147383, "9": 0.39470222155872997, "10": 0.39767860641742164, "11": 0.4002117991733301, "12": 0.4026703490487698, "13": 0.4054834526064361, "14": 0.40619255997088927, "15": 0.40776006046073315, "16": 0.4082545695438387, "17": 0.40992003881429784, "18": 0.4106478068988682, "19": 0.41180010636610465, "20": 0.41237858868973754, "21": 0.41288242813290166, "22": 0.41373149089823374, "23": 0.4142819821416909, "24": 0.4147438349645913, "25": 0.41418401336107563, "26": 0.4151077190068765, "27": 0.41601276393256015, "28": 0.41732834470082203, "29": 0.4154342816089273, "30": 0.41583548709144685, "31": 0.41638131315487464, "32": 0.41795347882474787, "33": 0.41673586683710123, "34": 0.4163206658144938, "35": 0.4182333896265057, "36": 0.41736566614105636, "37": 0.4181960681862713, "38": 0.4165305989158122, "39": 0.41758959478246266}}