{"epoch_accuracy": {"1": 0.5334796926454446, "2": 0.5268935236004391, "3": 0.5246981339187706, "4": 0.5279912184412733, "5": 0.5137211855104281, "6": 0.5071350164654226, "7": 0.5082327113062569, "8": 0.5159165751920965, "9": 0.5170142700329309, "10": 0.5126234906695939, "11": 0.5203073545554336, "12": 0.5159165751920965, "13": 0.5082327113062569, "14": 0.5137211855104281, "15": 0.5115257958287596, "16": 0.5236004390779363, "17": 0.5257958287596048, "18": 0.5214050493962679, "19": 0.5225027442371021, "20": 0.5181119648737651, "21": 0.5214050493962679, "22": 0.5181119648737651, "23": 0.5148188803512623, "24": 0.5115257958287596, "25": 0.5093304061470911, "26": 0.5071350164654226, "27": 0.5170142700329309, "28": 0.5192096597145993, "29": 0.5082327113062569, "30": 0.5137211855104281, "31": 0.5115257958287596, "32": 0.5093304061470911, "33": 0.5093304061470911, "34": 0.5148188803512623, "35": 0.5049396267837541, "36": 0.5016465422612514, "37": 0.4994511525795829, "38": 0.5137211855104281, "39": 0.5170142700329309, "40": 0.5159165751920965, "41": 0.5214050493962679, "42": 0.5170142700329309, "43": 0.5170142700329309, "44": 0.5093304061470911, "45": 0.5104281009879253, "46": 0.5060373216245884, "47": 0.5093304061470911, "48": 0.5181119648737651, "49": 0.5181119648737651, "50": 0.5148188803512623}}