{"epoch_accuracy": {"1": 0.46657948270851496, "2": 0.4643998837547224, "3": 0.4641092705608835, "4": 0.46599825632083697, "5": 0.4587329264748619, "6": 0.45292066259808184, "7": 0.45350188898576, "8": 0.45553618134263296, "9": 0.45727986050566694, "10": 0.4552455681487939, "11": 0.46076721883173494, "12": 0.45858761987794244, "13": 0.4609125254286544, "14": 0.4600406858471373, "15": 0.4596047660563789, "16": 0.46323743097936637, "17": 0.4654170299331589, "18": 0.4593141528625399, "19": 0.4620749782040104, "20": 0.4588782330717815, "21": 0.4610578320255739, "22": 0.460185992444057, "23": 0.4574251671025864, "24": 0.4559721011333915, "25": 0.4543737285672769, "26": 0.4553908747457135, "27": 0.458151700087184, "28": 0.458442313281023, "29": 0.45437372856727704, "30": 0.45640802092414995, "31": 0.45626271432723037, "32": 0.4523394362104039, "33": 0.45204882301656496, "34": 0.4543737285672769, "35": 0.4495786108689335, "36": 0.45219412961348443, "37": 0.4501598372566114, "38": 0.45902353966870096, "39": 0.4609125254286545, "40": 0.4580063934902645, "41": 0.4638186573670445, "42": 0.46047660563789605, "43": 0.4578610868933448, "44": 0.4539378087765184, "45": 0.45422842197035745, "46": 0.45306596919500153, "47": 0.45292066259808195, "48": 0.456117407730311, "49": 0.45422842197035745, "50": 0.45771578029642546}}