{"learning rate": 0.00025, "epoch_accuracy": {"1.0": 0.46914109990702996, "2.0": 0.4984317691891174, "3.0": 0.5123772744455002, "4.0": 0.5202848356678007, "5.0": 0.529878117305708, "6.0": 0.5343835882346931, "7.0": 0.5412388512581604, "8.0": 0.5464901257649595, "9.0": 0.5509649472318427, "10.0": 0.5561855722765399, "11.0": 0.559158570100428, "12.0": 0.5629897528631705, "13.0": 0.5686292538899276, "14.0": 0.5686088209151929, "15.0": 0.573471868902034, "16.0": 0.575392568527089, "17.0": 0.5783655663509772, "18.0": 0.5793565656256066, "19.0": 0.58409701576404, "20.0": 0.5855681899449331, "21.0": 0.5897263003034297, "22.0": 0.5906355676791205, "23.0": 0.5912894228706286, "24.0": 0.5938435447124569, "25.0": 0.5966735117132028, "26.0": 0.5964793984532238, "27.0": 0.5991969840929292, "28.0": 0.6038965682818933, "29.0": 0.6024151776136328, "30.0": 0.6047956191702168, "31.0": 0.6066345868963333, "32.0": 0.6081057610772265, "33.0": 0.6085552865213882, "34.0": 0.6109868105148089, "35.0": 0.6114669854210725, "36.0": 0.6142663029597164, "37.0": 0.6145727975807358, "38.0": 0.6157476936279769, "39.0": 0.6164424147689541, "40.0": 0.6160337552742616, "41.0": 0.6175560118919913, "42.0": 0.6197934226254329, "43.0": 0.6205494426906141, "44.0": 0.6210704835463471, "45.0": 0.6217958541494264, "46.0": 0.6249527487459262, "47.0": 0.6223884104167305, "48.0": 0.6235633064639715, "49.0": 0.6248710168469876, "50.0": 0.6268938813457157}}