{"learning rate": 7.5e-05, "epoch_accuracy": {"1": 0.3526591107236269, "2": 0.3526591107236269, "3": 0.34394071490845685, "4": 0.3526591107236269, "5": 0.34176111595466435, "6": 0.3435047951176983, "7": 0.3491717523975589, "8": 0.34132519616390583, "9": 0.3526591107236269, "10": 0.3561464690496949, "11": 0.3435047951176983, "12": 0.34873583260680036, "13": 0.35178727114210984, "14": 0.35091543156059285, "15": 0.34786399302528337, "16": 0.34742807323452485, "17": 0.3456843940714908, "18": 0.3435047951176983, "19": 0.34176111595466435, "20": 0.34437663469921537, "21": 0.3456843940714908, "22": 0.34612031386224934, "23": 0.35353095030514387, "24": 0.34524847428073235, "25": 0.35309503051438534, "26": 0.34655623365300786, "27": 0.34524847428073235, "28": 0.3365300784655623, "29": 0.3469921534437663, "30": 0.33740191804707936, "31": 0.35440278988666085, "32": 0.34176111595466435, "33": 0.34612031386224934, "34": 0.34655623365300786, "35": 0.34829991281604183, "36": 0.33827375762859635, "37": 0.3469921534437663, "38": 0.3456843940714908, "39": 0.35353095030514387, "40": 0.34088927637314737, "41": 0.34263295553618134, "42": 0.3400174367916303, "43": 0.35047951176983433, "44": 0.34655623365300786, "45": 0.34960767218831734, "46": 0.3387096774193548, "47": 0.34306887532693986, "48": 0.33609415867480386, "49": 0.3421970357454228, "50": 0.3343504795117698}}