{"learning rate": 7.5e-05, "epoch_accuracy": {"1.0": 0.4903403111942052, "2.0": 0.5106711210551588, "3.0": 0.5249129044451937, "4.0": 0.5294183753741788, "5.0": 0.535486968870363, "6.0": 0.5397676770772672, "7.0": 0.54591800247239, "8.0": 0.5477978361479756, "9.0": 0.5503826074519059, "10.0": 0.5533351723010594, "11.0": 0.554918727842993, "12.0": 0.55782021025531, "13.0": 0.5609873213391772, "14.0": 0.5621928668485201, "15.0": 0.5647878546398177, "16.0": 0.567239811607973, "17.0": 0.5680469141099908, "18.0": 0.5697632839876994, "19.0": 0.5713774889917349, "20.0": 0.5759749083070259, "21.0": 0.5769659075816552, "22.0": 0.5765368151122281, "23.0": 0.5779058244194482, "24.0": 0.5801943175897263, "25.0": 0.5789989885677507, "26.0": 0.5829834186410029, "27.0": 0.5830651505399413, "28.0": 0.5850369326018329, "29.0": 0.5864263748837875, "30.0": 0.5860892308006661, "31.0": 0.5880916623246595, "32.0": 0.5890622286245543, "33.0": 0.5886740021045964, "34.0": 0.5908501139138341, "35.0": 0.5929751432862354, "36.0": 0.5944054515176592, "37.0": 0.5932612049325201, "38.0": 0.5957948937996138, "39.0": 0.5961729038322044, "40.0": 0.59778710883624, "41.0": 0.59942174681501, "42.0": 0.5988802729845425, "43.0": 0.5999836536202123, "44.0": 0.600984869382209, "45.0": 0.6009133539706378, "46.0": 0.6010359518190456, "47.0": 0.6035900736608739, "48.0": 0.604438042112361, "49.0": 0.6033857439135276, "50.0": 0.604734320246013}}