{"learning rate": 0.00025, "epoch_accuracy": {"1":0.3531, "2":0.3592, "3":0.3522 , "4":0.34307, "5": 0.36355710549258935, "6": 0.35047951176983433, "7": 0.35091543156059285, "8": 0.35658238884045335, "9": 0.35178727114210984, "10": 0.3596338273757629, "11": 0.34829991281604183, "12": 0.36399302528334787, "13": 0.3561464690496949, "14": 0.35571054925893636, "15": 0.35309503051438534, "16": 0.35222319093286836, "17": 0.35004359197907586, "18": 0.35571054925893636, "19": 0.35091543156059285, "20": 0.35047951176983433, "21": 0.35701830863121187, "22": 0.34786399302528337, "23": 0.3526591107236269, "24": 0.3456843940714908, "25": 0.34873583260680036, "26": 0.34786399302528337, "27": 0.34612031386224934, "28": 0.3456843940714908, "29": 0.34437663469921537, "30": 0.35353095030514387, "31": 0.35571054925893636, "32": 0.35309503051438534, "33": 0.35309503051438534, "34": 0.35527462946817784, "35": 0.35047951176983433, "36": 0.34786399302528337, "37": 0.3491717523975589, "38": 0.34524847428073235, "39": 0.34481255448997383, "40": 0.34612031386224934, "41": 0.34263295553618134, "42": 0.34612031386224934, "43": 0.33565823888404533, "44": 0.35047951176983433, "45": 0.34786399302528337, "46": 0.35091543156059285, "47": 0.3469921534437663, "48": 0.34045335658238884, "49": 0.34742807323452485, "50": 0.35047951176983433}}
