{"learning rate": 1e-05, "epoch_accuracy": {"1.0": 0.5071425587903596, "2.0": 0.5165197777870598, "3.0": 0.52061317405288, "4.0": 0.5262311515809699, "5.0": 0.5287373125600434, "6.0": 0.5289670439831252, "7.0": 0.5307213566684766, "8.0": 0.5300530470740571, "9.0": 0.5362766801720897, "10.0": 0.5361722567979617, "11.0": 0.5358589866755774, "12.0": 0.5363184495217409, "13.0": 0.538260724280523, "14.0": 0.5400776909903513, "15.0": 0.5403283070882586, "16.0": 0.5407460005847708, "17.0": 0.5444843573785556, "18.0": 0.544567896077858, "19.0": 0.5430433148155883, "20.0": 0.5419155423750052, "21.0": 0.5446723194519861, "22.0": 0.5446305501023349, "23.0": 0.547805020675828, "24.0": 0.5480556367737355, "25.0": 0.5443172799799507, "26.0": 0.5470949417317572, "27.0": 0.5468860949835012, "28.0": 0.5491625245394929, "29.0": 0.5492251785639698, "30.0": 0.5479929827492586, "31.0": 0.5519401862912995, "32.0": 0.5486195229940269, "33.0": 0.5499561421828663, "34.0": 0.5493922559625747, "35.0": 0.5511674533227517, "36.0": 0.5493296019380979, "37.0": 0.5534856522283949, "38.0": 0.5535483062528717, "39.0": 0.5525458418612422, "40.0": 0.5499561421828663, "41.0": 0.554070423123512, "42.0": 0.5535483062528717, "43.0": 0.5521908023892068, "44.0": 0.5538198070256046, "45.0": 0.5541957311724657, "46.0": 0.5550728875151414, "47.0": 0.5555323503613049, "48.0": 0.5528173426339752, "49.0": 0.5541330771479888, "50.0": 0.5575372791445637}}