{"epoch_accuracy": {"1": 0.5225027442371021, "2": 0.5323819978046103, "3": 0.5257958287596048, "4": 0.5236004390779363, "5": 0.5334796926454446, "6": 0.5323819978046103, "7": 0.5279912184412733, "8": 0.5268935236004391, "9": 0.5268935236004391, "10": 0.5301866081229418, "11": 0.5334796926454446, "12": 0.531284302963776, "13": 0.5301866081229418, "14": 0.5268935236004391, "15": 0.5268935236004391, "16": 0.5246981339187706, "17": 0.5246981339187706, "18": 0.5192096597145993, "19": 0.5246981339187706, "20": 0.5236004390779363, "21": 0.5225027442371021, "22": 0.5214050493962679, "23": 0.5203073545554336, "24": 0.5148188803512623, "25": 0.5126234906695939, "26": 0.5115257958287596, "27": 0.5137211855104281, "28": 0.5126234906695939, "29": 0.5181119648737651, "30": 0.5246981339187706, "31": 0.5214050493962679, "32": 0.5257958287596048, "33": 0.5257958287596048, "34": 0.5268935236004391, "35": 0.5257958287596048, "36": 0.5301866081229418, "37": 0.5236004390779363, "38": 0.5225027442371021, "39": 0.5214050493962679, "40": 0.5181119648737651, "41": 0.5159165751920965, "42": 0.5137211855104281, "43": 0.5137211855104281, "44": 0.5181119648737651, "45": 0.5181119648737651, "46": 0.5170142700329309, "47": 0.5203073545554336, "48": 0.5192096597145993, "49": 0.5137211855104281, "50": 0.5148188803512623}}