{"epoch_accuracy": {"1": 0.4609125254286544, "2": 0.46425457715780294, "3": 0.45989537925021806, "4": 0.4571345539087474, "5": 0.460185992444057, "6": 0.4588782330717815, "7": 0.45568148793955254, "8": 0.45350188898575994, "9": 0.4532112757919209, "10": 0.45510026155187444, "11": 0.4582970066841035, "12": 0.45771578029642535, "13": 0.4580063934902644, "14": 0.457570473699506, "15": 0.456698634117989, "16": 0.454083115373438, "17": 0.4545190351641964, "18": 0.4517582098227258, "19": 0.4540831153734379, "20": 0.45466434176111586, "21": 0.4545190351641964, "22": 0.45364719558267946, "23": 0.45379250217959893, "24": 0.45204882301656496, "25": 0.45161290322580644, "26": 0.45001453065969194, "27": 0.4513222900319675, "28": 0.4503051438535309, "29": 0.45146759662888697, "30": 0.4553908747457134, "31": 0.4530659691950014, "32": 0.4552455681487939, "33": 0.45510026155187433, "34": 0.4558267945364719, "35": 0.4562627143272305, "36": 0.4572798605056669, "37": 0.4545190351641964, "38": 0.45480964835803545, "39": 0.45379250217959893, "40": 0.4532112757919209, "41": 0.45204882301656496, "42": 0.45277535600116237, "43": 0.45074106364428934, "44": 0.45350188898575994, "45": 0.45350188898575994, "46": 0.45277535600116237, "47": 0.45422842197035745, "48": 0.45350188898575994, "49": 0.45059575704737, "50": 0.451758209822726}}