{"learning rate": 0.00025, "epoch_accuracy": {"1.0": 0.606883521043272, "2.0": 0.6502667457024304, "3.0": 0.6731994665085952, "4.0": 0.6951318909306461, "5.0": 0.7092101363366924, "6.0": 0.7252889745109662, "7.0": 0.7334765856550088, "8.0": 0.7427015411973918, "9.0": 0.7481105512744517, "10.0": 0.7564834024896265, "11.0": 0.7645598695909899, "12.0": 0.7678571428571429, "13.0": 0.7721176644931832, "14.0": 0.7752296976882039, "15.0": 0.7761188500296384, "16.0": 0.7823058684054535, "17.0": 0.7834914048606995, "18.0": 0.7894561351511559, "19.0": 0.7902711914641375, "20.0": 0.7928645524599881, "21.0": 0.7966064018968583, "22.0": 0.7919013040901007, "23.0": 0.7965693538826318, "24.0": 0.7985699466508596, "25.0": 0.8063870776526378, "26.0": 0.8069798458802608, "27.0": 0.807498518079431, "28.0": 0.8063870776526378, "29.0": 0.8124259039715471, "30.0": 0.8141671606401897, "31.0": 0.8138337285121517, "32.0": 0.8149822169531713, "33.0": 0.8156490812092472, "34.0": 0.8166123295791345, "35.0": 0.8177978660343805, "36.0": 0.8179460580912863, "37.0": 0.8177237700059277, "38.0": 0.8215397154712507, "39.0": 0.824021932424422, "40.0": 0.8202430349733254, "41.0": 0.8250592768227623, "42.0": 0.8244665085951393, "43.0": 0.8249851807943094, "44.0": 0.8262818612922347, "45.0": 0.8296161825726142, "46.0": 0.82757854179016, "47.0": 0.8316167753408418, "48.0": 0.8282824540604624, "49.0": 0.8308387670420866, "50.0": 0.8278749259039715}}