{"learning rate": 0.00025, "epoch_accuracy": {"18.0": 0.7539574222692126, "19.0": 0.7549767461728655, "20.0": 0.7566149262338392, "21.0": 0.7575333322654191, "22.0": 0.7585414430721709, "23.0": 0.7604802409213961, "24.0": 0.7618183371511266, "25.0": 0.7625567996753552, "26.0": 0.7637934440760141, "27.0": 0.7645997191386211, "28.0": 0.7660280541005221, "29.0": 0.7670895606067888, "30.0": 0.7680458775850197, "31.0": 0.7693076179644491, "32.0": 0.7697529380983665, "33.0": 0.7710077370368569, "34.0": 0.771848185347152, "35.0": 0.772997794757611, "36.0": 0.7736833955393227, "37.0": 0.7744672444081356, "38.0": 0.7757498091103753, "39.0": 0.7762437193308447, "40.0": 0.7774552677527352, "41.0": 0.778059173114195, "42.0": 0.7791591245241092, "43.0": 0.7797470111757211, "44.0": 0.7805655672492141, "45.0": 0.7815726101419797, "46.0": 0.7819138086618507, "47.0": 0.7828370203063866, "48.0": 0.7836876137995831, "49.0": 0.7843224886667646, "50.0": 0.784936539211133}}