{"learning rate": 0.00025, "epoch_accuracy": {"1":0.353967, "2":0.35615, "3":0.35789 , "4":0.35876,  "5": 0.35658238884045335, "6": 0.35789014821272885, "7": 0.35135135135135137, "8": 0.35789014821272885, "9": 0.35396687009590233, "10": 0.3561464690496949, "11": 0.36573670444638184, "12": 0.35745422842197033, "13": 0.35789014821272885, "14": 0.34960767218831734, "15": 0.35353095030514387, "16": 0.35222319093286836, "17": 0.35396687009590233, "18": 0.35876198779424584, "19": 0.3596338273757629, "20": 0.36486486486486486, "21": 0.3491717523975589, "22": 0.35571054925893636, "23": 0.34394071490845685, "24": 0.35309503051438534, "25": 0.35353095030514387, "26": 0.3583260680034874, "27": 0.35396687009590233, "28": 0.35135135135135137, "29": 0.35701830863121187, "30": 0.35353095030514387, "31": 0.35047951176983433, "32": 0.35178727114210984, "33": 0.35527462946817784, "34": 0.35004359197907586, "35": 0.34306887532693986, "36": 0.35309503051438534, "37": 0.3387096774193548, "38": 0.35440278988666085, "39": 0.33783783783783783, "40": 0.3435047951176983, "41": 0.3526591107236269, "42": 0.35745422842197033, "43": 0.3526591107236269, "44": 0.33914559721011334, "45": 0.34481255448997383, "46": 0.35789014821272885, "47": 0.34263295553618134, "48": 0.3469921534437663, "49": 0.35527462946817784, "50": 0.35222319093286836}}
