{"learning rate": 2.5e-05, "epoch_accuracy": {"1.0": 0.653834901750451, "2.0": 0.6811399873226388, "3.0": 0.696791652445268, "4.0": 0.704593105465893, "5.0": 0.71276025159686, "6.0": 0.7182944073333658, "7.0": 0.7239017016919401, "8.0": 0.7280706031498366, "9.0": 0.7326783363401433, "10.0": 0.735993953873909, "11.0": 0.7390657760007802, "12.0": 0.741479350529036, "13.0": 0.7439904432200497, "14.0": 0.7459895655565849, "15.0": 0.7487932127358721, "16.0": 0.7503291237993076, "17.0": 0.7526208006241163, "18.0": 0.7540104344434151, "19.0": 0.7560583158613292, "20.0": 0.7584962699302745, "21.0": 0.7597396265054366, "22.0": 0.7616656102199034, "23.0": 0.7622994782778293, "24.0": 0.7632746599054073, "25.0": 0.76449363693988, "26.0": 0.7658588912184895, "27.0": 0.7672485250377883, "28.0": 0.7678580135550246, "29.0": 0.7690282315081184, "30.0": 0.7700765517577649, "31.0": 0.7716124628212004, "32.0": 0.7719781559315423, "33.0": 0.7731971329660149, "34.0": 0.7738310010239408, "35.0": 0.7742454532156614, "36.0": 0.7746599054073822, "37.0": 0.7754156711687552, "38.0": 0.7759520210639231, "39.0": 0.7766834072846067, "40.0": 0.7768784436101224, "41.0": 0.7767077868252962, "42.0": 0.77787800477839, "43.0": 0.7783168365108002, "44.0": 0.7789750841094154, "45.0": 0.7790482227314838, "46.0": 0.7799258861963041, "47.0": 0.780730411039056, "48.0": 0.7805841337949193, "49.0": 0.7818518699107709, "50.0": 0.7824857379686967}}