{"epoch_accuracy": {"1": 0.9136581837311765, "2": 0.9156309594265799, "3": 0.9187216413493786, "4": 0.9205628986650884, "5": 0.9231932662589597, "6": 0.9245742092457421, "7": 0.9263497073716052, "8": 0.9277306503583875, "9": 0.9295719076740975, "10": 0.9312816466101138, "11": 0.9322680344578155, "12": 0.9339777733938318, "13": 0.93483264286184, "14": 0.9358190307095416, "15": 0.9368711777470902, "16": 0.9387781942526469, "17": 0.9398961004800421, "18": 0.9402906556191227, "19": 0.9409482475175905, "20": 0.9414743210363649, "21": 0.9420661537449858, "22": 0.942921023212994, "23": 0.9433813375419214, "24": 0.9431840599723812, "25": 0.9434470967317683, "26": 0.9437101334911554, "27": 0.9437101334911554, "28": 0.9441046886302361, "29": 0.9443677253896232, "30": 0.945025317288091, "31": 0.9453541132373249, "32": 0.9452883540474781, "33": 0.9451568356677845, "34": 0.9453541132373249, "35": 0.9454856316170185, "36": 0.9459459459459459, "37": 0.946537778654567, "38": 0.9473268889327283, "39": 0.9477872032616558, "40": 0.948050240021043, "41": 0.9481159992108897, "42": 0.9483790359702768, "43": 0.9485105543499704, "44": 0.9492996646281318, "45": 0.9500230157164464, "46": 0.9501545340961399, "47": 0.9510094035641481, "48": 0.9514039587032288, "49": 0.9517327546524627, "50": 0.9517985138423095, "51": 0.9523903465509305, "52": 0.9527191425001644, "53": 0.9527849016900112, "54": 0.9531136976392451, "55": 0.9540343262971, "56": 0.9536397711580193, "57": 0.9540343262971, "58": 0.9545603998158743, "59": 0.9551522325244953, "60": 0.955546787663576, "61": 0.9560071019925035, "62": 0.956138620372197, "63": 0.9565331755112777, "64": 0.9563358979417373, "65": 0.956730453080818, "66": 0.9571250082198988, "67": 0.9573222857894391, "68": 0.9573880449792859, "69": 0.9580456368777537, "70": 0.9583744328269875, "71": 0.9587689879660682, "72": 0.9592950614848426, "73": 0.95975537581377, "74": 0.9601499309528506, "75": 0.9602814493325442, "76": 0.9608732820411653, "77": 0.9606102452817781, "78": 0.9607417636614717, "79": 0.9606102452817781, "80": 0.9614651147497862, "81": 0.9615308739396331, "82": 0.9614651147497862, "83": 0.9617281515091735, "84": 0.9619254290787137, "85": 0.9619254290787137, "86": 0.9619911882685606, "87": 0.9622542250279477, "88": 0.9623199842177944, "89": 0.9625172617873348, "90": 0.9629118169264155, "91": 0.9633063720654962, "92": 0.9640297231538107, "93": 0.9640297231538107, "94": 0.9642270007233511, "95": 0.9644900374827382, "96": 0.964555796672585, "97": 0.964555796672585, "98": 0.9650161110015124, "99": 0.9653449069507464, "100": 0.9656079437101335}}