{"epoch_accuracy": {"1": 0.7735294117647059, "2": 0.7676470588235295, "3": 0.7676470588235295, "4": 0.7676470588235295, "5": 0.7617647058823529, "6": 0.7617647058823529, "7": 0.7647058823529411, "8": 0.7617647058823529, "9": 0.7617647058823529, "10": 0.7617647058823529, "11": 0.7617647058823529, "12": 0.7676470588235295, "13": 0.7676470588235295, "14": 0.7676470588235295, "15": 0.7647058823529411, "16": 0.7617647058823529, "17": 0.7676470588235295, "18": 0.7647058823529411, "19": 0.7705882352941177, "20": 0.7676470588235295, "21": 0.7735294117647059, "22": 0.7617647058823529, "23": 0.7676470588235295, "24": 0.7647058823529411, "25": 0.7647058823529411, "26": 0.7647058823529411, "27": 0.7558823529411764, "28": 0.7558823529411764, "29": 0.75, "30": 0.7470588235294118, "31": 0.7470588235294118, "32": 0.7470588235294118, "33": 0.7441176470588236, "34": 0.7441176470588236, "35": 0.7441176470588236, "36": 0.7382352941176471, "37": 0.7411764705882353, "38": 0.7382352941176471, "39": 0.7352941176470589, "40": 0.7323529411764705, "41": 0.7323529411764705, "42": 0.7382352941176471, "43": 0.7411764705882353, "44": 0.7441176470588236, "45": 0.7441176470588236, "46": 0.75, "47": 0.75, "48": 0.7529411764705882, "49": 0.7529411764705882, "50": 0.7529411764705882, "51": 0.7617647058823529, "52": 0.7588235294117647, "53": 0.7588235294117647, "54": 0.7588235294117647, "55": 0.7617647058823529, "56": 0.7617647058823529, "57": 0.7558823529411764, "58": 0.7529411764705882, "59": 0.7529411764705882, "60": 0.7588235294117647, "61": 0.7558823529411764, "62": 0.7617647058823529, "63": 0.7588235294117647, "64": 0.7588235294117647, "65": 0.7588235294117647, "66": 0.7588235294117647, "67": 0.7588235294117647, "68": 0.7558823529411764, "69": 0.7558823529411764, "70": 0.7558823529411764, "71": 0.7558823529411764, "72": 0.7588235294117647, "73": 0.7588235294117647, "74": 0.7588235294117647, "75": 0.7588235294117647, "76": 0.7588235294117647, "77": 0.7558823529411764, "78": 0.7529411764705882, "79": 0.7529411764705882, "80": 0.7529411764705882, "81": 0.7470588235294118, "82": 0.7441176470588236, "83": 0.7441176470588236, "84": 0.75, "85": 0.75, "86": 0.75, "87": 0.7470588235294118, "88": 0.7470588235294118, "89": 0.7470588235294118, "90": 0.7411764705882353, "91": 0.7411764705882353, "92": 0.7411764705882353, "93": 0.7352941176470589, "94": 0.7352941176470589, "95": 0.7352941176470589, "96": 0.7323529411764705, "97": 0.7323529411764705, "98": 0.7352941176470589, "99": 0.7352941176470589, "100": 0.7323529411764705}}