{"epoch_accuracy": {"1": 0.7977777777777778, "2": 0.796, "3": 0.799111111111111, "4": 0.7982222222222222, "5": 0.7937777777777777, "6": 0.7937777777777778, "7": 0.796, "8": 0.7946666666666666, "9": 0.7951111111111112, "10": 0.7915555555555555, "11": 0.7915555555555555, "12": 0.7955555555555557, "13": 0.7946666666666666, "14": 0.796, "15": 0.7946666666666666, "16": 0.7933333333333333, "17": 0.7946666666666666, "18": 0.7933333333333333, "19": 0.7946666666666666, "20": 0.7937777777777778, "21": 0.796, "22": 0.7906666666666666, "23": 0.7924444444444445, "24": 0.7915555555555557, "25": 0.7915555555555557, "26": 0.7915555555555557, "27": 0.7875555555555557, "28": 0.7875555555555557, "29": 0.7853333333333333, "30": 0.784, "31": 0.784, "32": 0.7844444444444444, "33": 0.784, "34": 0.7835555555555554, "35": 0.7844444444444445, "36": 0.7817777777777778, "37": 0.7831111111111112, "38": 0.7831111111111112, "39": 0.7808888888888889, "40": 0.7791111111111112, "41": 0.7804444444444445, "42": 0.7804444444444445, "43": 0.7817777777777778, "44": 0.7831111111111112, "45": 0.7831111111111112, "46": 0.7857777777777778, "47": 0.7857777777777778, "48": 0.7871111111111112, "49": 0.7866666666666666, "50": 0.7875555555555555, "51": 0.7915555555555555, "52": 0.7915555555555557, "53": 0.791111111111111, "54": 0.791111111111111, "55": 0.7906666666666666, "56": 0.7915555555555555, "57": 0.7888888888888889, "58": 0.784, "59": 0.784, "60": 0.7857777777777778, "61": 0.7844444444444445, "62": 0.7853333333333333, "63": 0.784, "64": 0.7848888888888889, "65": 0.7848888888888889, "66": 0.7857777777777777, "67": 0.7857777777777777, "68": 0.7844444444444444, "69": 0.7844444444444444, "70": 0.7857777777777777, "71": 0.7875555555555555, "72": 0.7888888888888889, "73": 0.7888888888888889, "74": 0.7888888888888889, "75": 0.7902222222222222, "76": 0.7902222222222222, "77": 0.7884444444444444, "78": 0.7888888888888889, "79": 0.7888888888888889, "80": 0.7893333333333333, "81": 0.7875555555555557, "82": 0.784888888888889, "83": 0.7822222222222224, "84": 0.784888888888889, "85": 0.784888888888889, "86": 0.784888888888889, "87": 0.784888888888889, "88": 0.784888888888889, "89": 0.784888888888889, "90": 0.7813333333333333, "91": 0.7813333333333333, "92": 0.7813333333333333, "93": 0.7795555555555556, "94": 0.7795555555555556, "95": 0.7795555555555556, "96": 0.78, "97": 0.7804444444444444, "98": 0.7826666666666665, "99": 0.783111111111111, "100": 0.7817777777777777}}