{"learning rate": 0.00025, "epoch_accuracy": {"1.0": 0.7662256615077384, "2.0": 0.7687219171243135, "3.0": 0.7780828756864703, "4.0": 0.7891912131802297, "5.0": 0.7876310534198702, "6.0": 0.7911258112830754, "7.0": 0.7940589116325512, "8.0": 0.7954318522216675, "9.0": 0.8049800299550673, "10.0": 0.7951198202695956, "11.0": 0.7996754867698452, "12.0": 0.7981153270094857, "13.0": 0.8003619570644034, "14.0": 0.8048552171742387, "15.0": 0.8056665002496256, "16.0": 0.8032950574138792, "17.0": 0.7959311033449825, "18.0": 0.8000499251123315, "19.0": 0.8082251622566151, "20.0": 0.8008612081877184, "21.0": 0.805916125811283, "22.0": 0.806228157763355, "23.0": 0.8132800798801797, "24.0": 0.8082875686470294, "25.0": 0.8119695456814778, "26.0": 0.8139665501747378, "27.0": 0.8142161757363954, "28.0": 0.8154018971542686, "29.0": 0.8150898652021967, "30.0": 0.8187094358462307, "31.0": 0.8215177234148777, "32.0": 0.8160883674488267, "33.0": 0.8170868696954569, "34.0": 0.8172740888666999, "35.0": 0.8203944083874188, "36.0": 0.8173364952571144, "37.0": 0.814965052421368, "38.0": 0.8191462805791313, "39.0": 0.8183974038941587, "40.0": 0.8207064403394908, "41.0": 0.8234523215177234, "42.0": 0.8178357463804293, "43.0": 0.8240763854218672, "44.0": 0.8187094358462307, "45.0": 0.8266974538192711, "46.0": 0.8224538192710934, "47.0": 0.8263230154767848, "48.0": 0.8212680978532202, "49.0": 0.8277583624563155, "50.0": 0.8203320019970045, "51.0": 0.8051048427358961, "52.0": 0.8076010983524713, "53.0": 0.8153394907638543, "54.0": 0.8196455317024464, "55.0": 0.8221417873190214, "56.0": 0.8268846729905143, "57.0": 0.8270718921617574, "58.0": 0.8275711432850724, "59.0": 0.8271342985521717, "60.0": 0.8264478282576135, "61.0": 0.8264478282576135, "62.0": 0.8331877184223665, "63.0": 0.8306914628057913, "64.0": 0.8301922116824763, "65.0": 0.8315027458811782, "66.0": 0.8325012481278082, "67.0": 0.8314403394907639, "68.0": 0.8310034947578632, "69.0": 0.8322516225661508, "70.0": 0.8355591612581128, "71.0": 0.8343734398402396, "72.0": 0.8358087868197703, "73.0": 0.8304418372441338, "74.0": 0.836744882675986, "75.0": 0.8360584123814279, "76.0": 0.8356839740389416, "77.0": 0.8348726909635547, "78.0": 0.8232651023464803, "79.0": 0.8226410384423365, "80.0": 0.8283200199700449, "81.0": 0.8373065401897154, "82.0": 0.8363704443334997, "83.0": 0.8414877683474787, "84.0": 0.8359960059910134, "85.0": 0.8351847229156265, "86.0": 0.8368696954568148, "87.0": 0.8404268597104343, "88.0": 0.8330629056415377, "89.0": 0.8372441337993011, "90.0": 0.8355591612581128, "91.0": 0.8389291063404892, "92.0": 0.8371817274088866, "93.0": 0.8378681977034448, "94.0": 0.8369945082376435, "95.0": 0.840863704443335, "96.0": 0.8383050424363455, "97.0": 0.8404892661008487, "98.0": 0.8368696954568148, "99.0": 0.839053919121318, "100.0": 0.8391163255117324}}