{"epoch_accuracy": {"1": 0.45684394071490847, "2": 0.4623655913978495, "3": 0.45597210113339137, "4": 0.4558267945364719, "5": 0.45771578029642546, "6": 0.45989537925021795, "7": 0.46222028480093, "8": 0.4641092705608834, "9": 0.4657076431269979, "10": 0.4658529497239175, "11": 0.46425457715780294, "12": 0.4638186573670445, "13": 0.460185992444057, "14": 0.4628015111886079, "15": 0.464545190351642, "16": 0.45902353966870096, "17": 0.4622202848009299, "18": 0.46207497820401044, "19": 0.4629468177855275, "20": 0.4623655913978494, "21": 0.466288869514676, "22": 0.4675966288869515, "23": 0.465417029933159, "24": 0.4622202848009299, "25": 0.45989537925021795, "26": 0.45902353966870096, "27": 0.4587329264748619, "28": 0.45713455390874747, "29": 0.46033129904097647, "30": 0.45829700668410345, "31": 0.4596047660563789, "32": 0.458151700087184, "33": 0.45640802092414995, "34": 0.4597500726532985, "35": 0.45902353966870096, "36": 0.4623655913978495, "37": 0.46134844521941304, "38": 0.46033129904097647, "39": 0.46033129904097647, "40": 0.46062191223481547, "41": 0.4593141528625399, "42": 0.46120313862249346, "43": 0.4643998837547224, "44": 0.46076721883173494, "45": 0.4584423132810229, "46": 0.454664341761116, "47": 0.45640802092414995, "48": 0.46004068584713753, "49": 0.4590235396687011, "50": 0.45815170008718403}}