{"epoch_accuracy": {"1": 0.5093304061470911, "2": 0.5257958287596048, "3": 0.5192096597145993, "4": 0.5192096597145993, "5": 0.5214050493962679, "6": 0.5225027442371021, "7": 0.5257958287596048, "8": 0.5301866081229418, "9": 0.5323819978046103, "10": 0.531284302963776, "11": 0.5257958287596048, "12": 0.5214050493962679, "13": 0.5137211855104281, "14": 0.5192096597145993, "15": 0.5225027442371021, "16": 0.5159165751920965, "17": 0.5181119648737651, "18": 0.5246981339187706, "19": 0.5225027442371021, "20": 0.5192096597145993, "21": 0.5246981339187706, "22": 0.5268935236004391, "23": 0.5225027442371021, "24": 0.5170142700329309, "25": 0.5170142700329309, "26": 0.5170142700329309, "27": 0.5203073545554336, "28": 0.5170142700329309, "29": 0.5257958287596048, "30": 0.5170142700329309, "31": 0.5181119648737651, "32": 0.5148188803512623, "33": 0.5159165751920965, "34": 0.5214050493962679, "35": 0.5170142700329309, "36": 0.5214050493962679, "37": 0.5236004390779363, "38": 0.5159165751920965, "39": 0.5192096597145993, "40": 0.5214050493962679, "41": 0.5159165751920965, "42": 0.5214050493962679, "43": 0.5279912184412733, "44": 0.5192096597145993, "45": 0.5159165751920965, "46": 0.5060373216245884, "47": 0.5071350164654226, "48": 0.5203073545554336, "49": 0.5192096597145993, "50": 0.5159165751920965}}