{"learning rate": 0.00025, "epoch_accuracy": {"1.0": 0.4763541648209508, "2.0": 0.49905204032815353, "3.0": 0.5173910732320995, "4.0": 0.5243368712015167, "5.0": 0.5314421390222727, "6.0": 0.5390080975246735, "7.0": 0.5449970763860588, "8.0": 0.5526161915055726, "9.0": 0.5581090419405709, "10.0": 0.5559650583836845, "11.0": 0.5615110654357957, "12.0": 0.5638853943335046, "13.0": 0.5695377146198416, "14.0": 0.5751900349061786, "15.0": 0.5739674327125822, "16.0": 0.5793362510409837, "17.0": 0.5811612948951929, "18.0": 0.5824902103230151, "19.0": 0.5844570051561918, "20.0": 0.5877349965448199, "21.0": 0.5911901766571576, "22.0": 0.5903928274004643, "23.0": 0.5951769229406241, "24.0": 0.5937239754062051, "25.0": 0.5973386253698815, "26.0": 0.5968424969434946, "27.0": 0.6018215000797349, "28.0": 0.6026720059535411, "29.0": 0.6029200701667345, "30.0": 0.6040717968708471, "31.0": 0.6054538689157822, "32.0": 0.6065347201304109, "33.0": 0.6070485674291688, "34.0": 0.6098835870085227, "35.0": 0.6124351046299413, "36.0": 0.6127717632049896, "37.0": 0.6148271524000213, "38.0": 0.6151815298474405, "39.0": 0.616333256551553, "40.0": 0.6161029112107306, "41.0": 0.6164927264028918, "42.0": 0.6192391516203909, "43.0": 0.6175027021280366, "44.0": 0.620603504792955, "45.0": 0.6234739621170509, "46.0": 0.6225348618813898, "47.0": 0.6228183638393253, "48.0": 0.6240232471605507, "49.0": 0.6274252706557755, "50.0": 0.6277087726137108}}