{"learning rate": 0.0005, "epoch_accuracy": {"5": 0.4245949923043468, "6": 0.43582861791475963, "7": 0.4467467555441379, "8": 0.45573590951804704, "9": 0.46420000135209133, "10": 0.47083200941055575, "11": 0.4767496625405346, "12": 0.48293773393997164, "13": 0.4721976216713201, "14": 0.4883641272137679, "15": 0.4931032073860243, "16": 0.4984710100347713, "17": 0.502173486840771, "18": 0.5051278064346028, "19": 0.502184754268665, "20": 0.5041137379241342, "21": 0.49996732445910713, "22": 0.50707932494586, "23": 0.5112708081224634, "24": 0.5147501898561601, "25": 0.5182611203879601, "26": 0.5197348999565077, "27": 0.5234080814499827, "28": 0.5266440867411669, "29": 0.5300265685949743, "30": 0.5333482063381535}}