{"learning rate": 0.0005, "epoch_accuracy": {"5": 0.398672289763662, "6": 0.40094423243792976, "7": 0.40657510473329167, "8": 0.4101486326357334, "9": 0.4131016915942786, "10": 0.4140253972400795, "11": 0.41709975087938644, "12": 0.41791149220448415, "13": 0.4130830308741614, "14": 0.42091586814335163, "15": 0.4217789264487717, "16": 0.42388292264198474, "17": 0.4235703555800218, "18": 0.42459669518646725, "19": 0.424200154883977, "20": 0.4243447754648852, "21": 0.42511919534974857, "22": 0.42777368278641875, "23": 0.4272978344234304, "24": 0.42819821416908477, "25": 0.42946247795702436, "26": 0.4282775222295828, "27": 0.4280162721479422, "28": 0.429471808317083, "29": 0.430932009666253, "30": 0.4317204250912043}}