{"learning rate": 0.00025, "epoch_accuracy": {"1": 0.36006974716652135, "2": 0.3618134263295554, "3": 0.3653007846556234, "4": 0.35440278988666085, "5": 0.3526591107236269, "6": 0.35222319093286836, "7": 0.35571054925893636, "8": 0.34524847428073235, "9": 0.35353095030514387, "10": 0.36137750653879686, "11": 0.35091543156059285, "12": 0.34960767218831734, "13": 0.34960767218831734, "14": 0.35222319093286836, "15": 0.3491717523975589, "16": 0.34263295553618134, "17": 0.35222319093286836, "18": 0.34742807323452485, "19": 0.35396687009590233, "20": 0.34742807323452485, "21": 0.36224934612031384, "22": 0.34960767218831734, "23": 0.3561464690496949, "24": 0.36094158674803833, "25": 0.35396687009590233, "26": 0.3561464690496949, "27": 0.35789014821272885, "28": 0.35004359197907586, "29": 0.34829991281604183, "30": 0.3435047951176983, "31": 0.33783783783783783, "32": 0.3526591107236269, "33": 0.3456843940714908, "34": 0.3526591107236269, "35": 0.34742807323452485, "36": 0.35309503051438534, "37": 0.3491717523975589, "38": 0.35135135135135137, "39": 0.34481255448997383, "40": 0.3596338273757629, "41": 0.3435047951176983, "42": 0.34655623365300786, "43": 0.34088927637314737, "44": 0.3491717523975589, "45": 0.3456843940714908, "46": 0.3400174367916303, "47": 0.34742807323452485, "48": 0.35222319093286836, "49": 0.34481255448997383, "50": 0.35178727114210984}}