{"learning rate": 0.0001, "epoch_accuracy": {"1.0": 0.6576868691793847, "2.0": 0.6947925301087328, "3.0": 0.7141498854161588, "4.0": 0.7277536691208738, "5.0": 0.7360183334145984, "6.0": 0.7416256277731728, "7.0": 0.7495489784972451, "8.0": 0.7533521868447999, "9.0": 0.7589838607440635, "10.0": 0.762665171388171, "11.0": 0.7651762640791847, "12.0": 0.7700521722170754, "13.0": 0.7734653079135989, "14.0": 0.7748061826515188, "15.0": 0.7781949388073529, "16.0": 0.7795358135452728, "17.0": 0.7818274903700815, "18.0": 0.7831927446486908, "19.0": 0.7845823784679896, "20.0": 0.7868740552927983, "21.0": 0.7905309863962163, "22.0": 0.7929689404651616, "23.0": 0.7939441220927398, "24.0": 0.7962357989175484, "25.0": 0.7958213467258277, "26.0": 0.7972597396265054, "27.0": 0.7989663074747672, "28.0": 0.8000390072651031, "29.0": 0.8000390072651031, "30.0": 0.8012336047588864, "31.0": 0.8034521429616266, "32.0": 0.8052562289726461, "33.0": 0.8071578331464235, "34.0": 0.8070846945243552, "35.0": 0.8085474669657223, "36.0": 0.809815203081574, "37.0": 0.8120093617436247, "38.0": 0.8114973913891462, "39.0": 0.8118630844994881, "40.0": 0.8124725730167244, "41.0": 0.8128626456677556, "42.0": 0.8151299429518748, "43.0": 0.8158857087132478, "44.0": 0.8168365108001365, "45.0": 0.8179823492125409, "46.0": 0.8195670193573553, "47.0": 0.8195182602759764, "48.0": 0.8192744648690818, "49.0": 0.8200058510897654, "50.0": 0.8220293529669901}}