{"learning rate": 0.0001, "epoch_accuracy": {"1.0": 0.18964883934225263, "2.0": 0.24155562616477036, "3.0": 0.28949177139740895, "4.0": 0.31452799617808846, "5.0": 0.32934466385882366, "6.0": 0.3392983096604673, "7.0": 0.3468700212052993, "8.0": 0.35291386952769194, "9.0": 0.3560912841938268, "10.0": 0.3595706659275234, "11.0": 0.3648280477829082, "12.0": 0.3691840354067654, "13.0": 0.3808908929887303, "14.0": 0.3887961203992275, "15.0": 0.3975576723296759, "16.0": 0.4054989555094342, "17.0": 0.4150559878492058, "18.0": 0.4222220719898503, "19.0": 0.4291132308898789, "20.0": 0.43483483077450047, "21.0": 0.4403761518128165, "22.0": 0.4448425602300358, "23.0": 0.45060021588391846, "24.0": 0.4548457827144135, "25.0": 0.45888177538607844, "26.0": 0.46298987959626553, "27.0": 0.46692221193130473, "28.0": 0.46987653152513653, "29.0": 0.4731440856144241, "30.0": 0.47611192612172876, "31.0": 0.4802403117021253, "32.0": 0.48191915845834543, "33.0": 0.48531290774004693, "34.0": 0.4879990625499992, "35.0": 0.4899618484891506, "36.0": 0.4932181351505441, "37.0": 0.4950457119549663, "38.0": 0.49841016592414317, "39.0": 0.4995842319107079, "40.0": 0.5018332105183693, "41.0": 0.5048123184535681, "42.0": 0.5052540016270166, "43.0": 0.5081204352832744, "44.0": 0.5084471906922031, "45.0": 0.5101508257897903, "46.0": 0.5117665749498036, "47.0": 0.5137631631726373, "48.0": 0.5137473887735855, "49.0": 0.5165462178624788, "50.0": 0.5171186031994989}}