{"learning rate": 0.0001, "epoch_accuracy": {"1": 0.19064724707726471, "2": 0.26031238045476174, "3": 0.30152458083357436, "4": 0.32391744497420155, "5": 0.33343441223396814, "6": 0.3422282765891936, "7": 0.34856359106897933, "8": 0.35012642637879393, "9": 0.3509568284240089, "10": 0.35453968668650926, "11": 0.3568209597208356, "12": 0.3582718307099471, "13": 0.3696735307015498, "14": 0.37509446989559325, "15": 0.3800908777069707, "16": 0.38397697267137537, "17": 0.38842288923929574, "18": 0.3921783591628801, "19": 0.39472088227884716, "20": 0.39606445412728475, "21": 0.3972774009349021, "22": 0.3978932046987693, "23": 0.3984576914823143, "24": 0.3993720667680566, "25": 0.3988262407046288, "26": 0.39901751308583, "27": 0.4005616876755274, "28": 0.40034242421415045, "29": 0.4019659068643459, "30": 0.400916241357754, "31": 0.4018119559233791, "32": 0.4033887867732816, "33": 0.40446177818002, "34": 0.40359871987459994, "35": 0.4046390550211333, "36": 0.40359871987459994, "37": 0.4060292786698639, "38": 0.40540414454593804, "39": 0.40600128758968806, "40": 0.4061552385306549, "41": 0.4062905287515045, "42": 0.4077647256407625, "43": 0.4073915112384187, "44": 0.40781137744105544, "45": 0.40777872118085035, "46": 0.40845983746512776, "47": 0.4079420024818758, "48": 0.40760144433973705, "49": 0.40835720350448323, "50": 0.4094161993711337}}