{"learning rate": 0.001, "epoch_accuracy": {"1.0": 0.3687037126029864, "2.0": 0.4293751101286305, "3.0": 0.45189581431111603, "4.0": 0.4646178736764531, "5.0": 0.4785456079367365, "6.0": 0.4849237242432494, "7.0": 0.4906899258333733, "8.0": 0.4954741805095013, "9.0": 0.5003075592291799, "10.0": 0.5036522658465092, "11.0": 0.506499858501395, "12.0": 0.5085988434491482, "13.0": 0.5115521595890679, "14.0": 0.5136959969244073, "15.0": 0.5148359951089533, "16.0": 0.5173883095455487, "17.0": 0.5194867605363069, "18.0": 0.5204606980953768, "19.0": 0.5221843112755692, "20.0": 0.5231705298455251, "21.0": 0.5245833800545721, "22.0": 0.5253090276109166, "23.0": 0.5264687822042814, "24.0": 0.5273305887943797, "25.0": 0.5279579882636244, "26.0": 0.529031241823785, "27.0": 0.5300254697486659, "28.0": 0.5307399042081141, "29.0": 0.5314009429680524, "30.0": 0.5322494006332733, "31.0": 0.5329681067486822, "32.0": 0.5333424106022514, "33.0": 0.5339377726517922, "34.0": 0.5352806744944765, "35.0": 0.5352731990965459, "36.0": 0.5364607194536558, "37.0": 0.5365963445304102, "38.0": 0.5371511258483239, "39.0": 0.5377326050159922, "40.0": 0.5380022532985197, "41.0": 0.538441699905489, "42.0": 0.5387524628766411, "43.0": 0.5388539147057112, "44.0": 0.539784067791178, "45.0": 0.5395672812511667, "46.0": 0.5402939967215038, "47.0": 0.5403073456463795, "48.0": 0.5409443563415413, "49.0": 0.5411739578494358, "50.0": 0.5415706878967983, "51.0": 0.5419690198151452, "52.0": 0.542239202054667, "53.0": 0.5425424896278832, "54.0": 0.5426925315435092, "55.0": 0.5425504989828126, "56.0": 0.5431159594406261, "57.0": 0.5435997244781904, "58.0": 0.5439665529338265, "59.0": 0.5440856253437338, "60.0": 0.5444391048744954, "61.0": 0.5444022618418304, "62.0": 0.5444866270470581, "63.0": 0.5449004437182625, "64.0": 0.5448353009648611, "65.0": 0.5451556751619218, "66.0": 0.5457654540503298, "67.0": 0.5457579786524004, "68.0": 0.5460959734302997, "69.0": 0.5461071865271978, "70.0": 0.546304216658392, "71.0": 0.5464029987024827, "72.0": 0.5462016969153286, "73.0": 0.5467543424052643, "74.0": 0.547046950838581, "75.0": 0.5473465007128326, "76.0": 0.547234903700854, "77.0": 0.5468718129441867, "78.0": 0.5476631372109274, "79.0": 0.5476198866943266, "80.0": 0.5476188187803349, "81.0": 0.5478494882022208, "82.0": 0.5482584992604709, "83.0": 0.5482189864428321, "84.0": 0.5482446163785976, "85.0": 0.5482051035609592, "86.0": 0.5489820109888363, "87.0": 0.5487582830078844, "88.0": 0.548800999567494, "89.0": 0.5491753034210617, "90.0": 0.5490599687101206, "91.0": 0.5490450179142564, "92.0": 0.5491491395283026, "93.0": 0.5492425820024467, "94.0": 0.5503153016056096, "95.0": 0.5500691474308664, "96.0": 0.5500931754956443, "97.0": 0.5502912735408306, "98.0": 0.550287001884871, "99.0": 0.549765325900652, "100.0": 0.550407676165762}}