{"epoch_accuracy": {"1": 0.380792436399826, "2": 0.3973222616159732, "3": 0.40562604963612625, "4": 0.4092647882067551, "5": 0.41506499968899657, "6": 0.4183927349629907, "7": 0.4171798221061144, "8": 0.41752192573241276, "9": 0.4182527834795051, "10": 0.41890589040243825, "11": 0.4194501461715493, "12": 0.41991665111650206, "13": 0.4191546930397461, "14": 0.42200037320395595, "15": 0.4203054052372956, "16": 0.41938794551222236, "17": 0.42193817254462934, "18": 0.4191546930397461, "19": 0.4209118616657338, "20": 0.4216738197424895, "21": 0.4204764570504448, "22": 0.4195278969957081, "23": 0.4194345960067174, "24": 0.41977669963301595, "25": 0.4205075573801084, "26": 0.4184704857871492, "27": 0.42025875474280033, "28": 0.42095851216022906, "29": 0.4228556322697022, "30": 0.42184487155563827, "31": 0.42192262237979716, "32": 0.42089631150090184, "33": 0.421689369907321, "34": 0.4206319586987624, "35": 0.4203054052372958, "36": 0.42084966100640664, "37": 0.4201499035889781, "38": 0.4199322012813336, "39": 0.4205542078746034, "40": 0.4224046774895812, "41": 0.42196927287429264, "42": 0.419854450457175, "43": 0.42112956397337825, "44": 0.42089631150090184, "45": 0.41946569633638103, "46": 0.4205697580394351, "47": 0.42046090688561316, "48": 0.4208652111712382, "49": 0.4199477514461653, "50": 0.420460906885613, "51": 0.42119176463270525, "52": 0.4225135286434038, "53": 0.42114511413820993, "54": 0.4221558748522738, "55": 0.42097406232506046, "56": 0.4204298065559494, "57": 0.42091186166573363, "58": 0.42098961248989236, "59": 0.4189836412265969, "60": 0.41848603595198114, "61": 0.41915469303974595, "62": 0.4202743049076321, "63": 0.41931019468806363, "64": 0.4210518131492194, "65": 0.4200566025999874, "66": 0.41966784847919386, "67": 0.4191080425452511, "68": 0.42133171611619097, "69": 0.42063195869876235, "70": 0.4194190458418857, "71": 0.4198544504571751, "72": 0.4215183180941718, "73": 0.4219537227094609, "74": 0.4203831560614546, "75": 0.42105181314921963, "76": 0.4207252596877526, "77": 0.42039870622628617, "78": 0.4185326864464763, "79": 0.4192324438639049, "80": 0.42053865770977167, "81": 0.4210829134788828, "82": 0.420274304907632, "83": 0.4197766996330159, "84": 0.41906139205075565, "85": 0.417801828699384, "86": 0.41934129501772693, "87": 0.420507557380108, "88": 0.42147166759967664, "89": 0.41997885177582855, "90": 0.4163090128755367, "91": 0.4170243204577967, "92": 0.4229644834235243, "93": 0.41926354419356837, "94": 0.4205853082042669, "95": 0.4203520557317908, "96": 0.419838900292343, "97": 0.42055420787460357, "98": 0.4194501461715492, "99": 0.42030540523729565, "100": 0.4196211979846989}}