{"epoch_accuracy": {"1": 0.7126593033135089, "2": 0.7315208156329651, "3": 0.7476635514018691, "4": 0.7638912489379779, "5": 0.7759558198810536, "6": 0.7848768054375531, "7": 0.7932030586236194, "8": 0.8010195412064571, "9": 0.8064570943075616, "10": 0.8101954120645709, "11": 0.8134239592183518, "12": 0.8175021240441801, "13": 0.821750212404418, "14": 0.8239592183517417, "15": 0.8259983007646559, "16": 0.8279524214103653, "17": 0.8293118096856414, "18": 0.8309260832625318, "19": 0.8327102803738318, "20": 0.8349192863211555, "21": 0.8366185216652506, "22": 0.8384876805437553, "23": 0.8401019541206457, "24": 0.8427357689039932, "25": 0.8445199660152931, "26": 0.8456244689889549, "27": 0.846644010195412, "28": 0.8482582837723025, "29": 0.84910790144435, "30": 0.8507221750212405, "31": 0.8538657604078165, "32": 0.8558198810535259, "33": 0.8577740016992353, "34": 0.8591333899745115, "35": 0.8600679694137638, "36": 0.8606627017841971, "37": 0.8611724723874257, "38": 0.8621920135938828, "39": 0.8633814783347493, "40": 0.8643160577740017, "41": 0.8650807136788445, "42": 0.8654205607476636, "43": 0.8661852166525064, "44": 0.867374681393373, "45": 0.8679694137638063, "46": 0.8686491079014443, "47": 0.8692438402718776, "48": 0.8693288020390824, "49": 0.87017841971113, "50": 0.8709430756159728}}