{"epoch_accuracy": {"1": 0.5019607843137255, "2": 0.4993464052287582, "3": 0.5111111111111111, "4": 0.5111111111111111, "5": 0.5176470588235295, "6": 0.5202614379084968, "7": 0.5228758169934641, "8": 0.5189542483660131, "9": 0.5215686274509804, "10": 0.5228758169934641, "11": 0.5189542483660131, "12": 0.5241830065359477, "13": 0.526797385620915, "14": 0.5241830065359477, "15": 0.5189542483660131, "16": 0.5163398692810458, "17": 0.5215686274509804, "18": 0.5254901960784314, "19": 0.5202614379084968, "20": 0.5228758169934641, "21": 0.5241830065359477, "22": 0.5228758169934641, "23": 0.526797385620915, "24": 0.5241830065359477, "25": 0.5228758169934641, "26": 0.526797385620915, "27": 0.5281045751633987, "28": 0.530718954248366, "29": 0.5320261437908497, "30": 0.526797385620915, "31": 0.5254901960784314, "32": 0.5228758169934641, "33": 0.5189542483660131, "34": 0.5163398692810458, "35": 0.515032679738562, "36": 0.5111111111111111, "37": 0.5137254901960784, "38": 0.5137254901960784, "39": 0.515032679738562, "40": 0.5111111111111111, "41": 0.5137254901960784, "42": 0.5058823529411764, "43": 0.5098039215686274, "44": 0.5045751633986928, "45": 0.4980392156862745, "46": 0.5045751633986928, "47": 0.5019607843137255, "48": 0.5019607843137255, "49": 0.5019607843137255, "50": 0.5071895424836601}}