{"epoch_accuracy": {"1": 0.45285784074255003, "2": 0.44943820224719094, "3": 0.45302068067090046, "4": 0.4515551213157466, "5": 0.45285784074255014, "6": 0.45464907995440484, "7": 0.45741735873636213, "8": 0.4592085979482169, "9": 0.46116267708842207, "10": 0.45920859794821683, "11": 0.4564403191662596, "12": 0.4577430385930631, "13": 0.4598599576616187, "14": 0.45741735873636225, "15": 0.45481191988275527, "16": 0.45399772024100316, "17": 0.4557889594528579, "18": 0.4590457580198665, "19": 0.4541605601693535, "20": 0.4530206806709005, "21": 0.45220648102914834, "22": 0.45269500081419967, "23": 0.4512294414590458, "24": 0.44862400260543883, "25": 0.4468327633935841, "26": 0.4481354828203875, "27": 0.44992672203224227, "28": 0.45155512131574665, "29": 0.45350920045595183, "30": 0.4496010421755415, "31": 0.44862400260543883, "32": 0.4474841231069859, "33": 0.4487868425337893, "34": 0.44764696303533635, "35": 0.44618140368018244, "36": 0.44422732453997726, "37": 0.4474841231069858, "38": 0.44943820224719094, "39": 0.449438202247191, "40": 0.448298322748738, "41": 0.45057808174564407, "42": 0.44927536231884063, "43": 0.44732128317863545, "44": 0.4448786842533789, "45": 0.44341312489822504, "46": 0.4432502849698745, "47": 0.44439016446832763, "48": 0.44259892525647293, "49": 0.4430874450415242, "50": 0.44699560332193455}}