{"epoch_accuracy": {"1": 0.7692606248787114, "2": 0.7759880975483537, "3": 0.7821980723203312, "4": 0.7878258619574358, "5": 0.7932595898829161, "6": 0.798434568859564, "7": 0.8032861116501714, "8": 0.8072320331198655, "9": 0.8109838928779352, "10": 0.8137007568406753, "11": 0.8169351187010803, "12": 0.8190051102917394, "13": 0.8212044763568148, "14": 0.8228216572870173, "15": 0.8244388382172197, "16": 0.8262500808590465, "17": 0.8276732000776247, "18": 0.8290963192962029, "19": 0.830454751277573, "20": 0.8316191215473188, "21": 0.833106928003105, "22": 0.8345300472216831, "23": 0.83634128986351, "24": 0.8382819069797529, "25": 0.8393815900122906, "26": 0.8408693964680769, "27": 0.842292515686655, "28": 0.8436509476680251, "29": 0.8444918817517304, "30": 0.8455915647842681, "31": 0.8472734329516787, "32": 0.8485024904586325, "33": 0.8499256096772106, "34": 0.8512840416585807, "35": 0.8518662267934537, "36": 0.8529659098259913, "37": 0.8543243418073614, "38": 0.8554887120771072, "39": 0.8561355844491881, "40": 0.8568471440584773, "41": 0.8576880781421825, "42": 0.8588524484119283, "43": 0.8593699463095931, "44": 0.8601461931560903, "45": 0.8609224400025874, "46": 0.8616339996118766, "47": 0.8622808719839575, "48": 0.8627336826444143, "49": 0.863186493304871, "50": 0.8635099294909114}}