{"learning rate": 0.00025, "epoch_accuracy": {"1.0": 0.709794704175695, "2.0": 0.7501560835873518, "3.0": 0.7674538176209189, "4.0": 0.7747254765140108, "5.0": 0.7860002203532998, "6.0": 0.7952917844944728, "7.0": 0.8006169892394138, "8.0": 0.8037019354364832, "9.0": 0.8045466230856807, "10.0": 0.8096882000807962, "11.0": 0.8120386352785633, "12.0": 0.8149766792757721, "13.0": 0.8167762312240626, "14.0": 0.8204855117705387, "15.0": 0.8218076315692827, "16.0": 0.8219545337691432, "17.0": 0.8217341804693525, "18.0": 0.8257005398655844, "19.0": 0.8263983253149216, "20.0": 0.8298138014616769, "21.0": 0.830181056961328, "22.0": 0.8322009622094091, "23.0": 0.834845201806897, "24.0": 0.8339637886077343, "25.0": 0.8356898894560946, "26.0": 0.8393257189026405, "27.0": 0.8405009365015241, "28.0": 0.8409783686510706, "29.0": 0.8406478387013846, "30.0": 0.841455800800617, "31.0": 0.8470013588453487, "32.0": 0.846744279995593, "33.0": 0.8475522420948254, "34.0": 0.8463770244959419, "35.0": 0.8504902860920343, "36.0": 0.8510411693415109, "37.0": 0.8525469168900804, "38.0": 0.8534650556392082, "39.0": 0.8551177053876382, "40.0": 0.8551177053876382, "41.0": 0.8542362921884755, "42.0": 0.856403099636417, "43.0": 0.8584964559844284, "44.0": 0.8595247713834515, "45.0": 0.8610672444819861, "46.0": 0.8618752065812185, "47.0": 0.8637482096294392, "48.0": 0.8615446766315326, "49.0": 0.8605163612325094, "50.0": 0.8604429101325792}}