{"learning rate": 0.00025, "epoch_accuracy": {"5": 0.35919790758500436, "6": 0.3596338273757629, "7": 0.36006974716652135, "8": 0.35876198779424584, "9": 0.35396687009590233, "10": 0.34786399302528337, "11": 0.3548387096774194, "12": 0.3548387096774194, "13": 0.36224934612031384, "14": 0.35309503051438534, "15": 0.35876198779424584, "16": 0.35353095030514387, "17": 0.35396687009590233, "18": 0.35440278988666085, "19": 0.35440278988666085, "20": 0.36486486486486486, "21": 0.35876198779424584, "22": 0.35440278988666085, "23": 0.35353095030514387, "24": 0.36006974716652135, "25": 0.35222319093286836, "26": 0.35004359197907586, "27": 0.35353095030514387, "28": 0.36050566695727987, "29": 0.35571054925893636, "30": 0.35440278988666085, "31": 0.36137750653879686, "32": 0.3456843940714908, "33": 0.3583260680034874, "34": 0.3618134263295554, "35": 0.3526591107236269, "36": 0.3583260680034874, "37": 0.35222319093286836, "38": 0.3548387096774194, "39": 0.35309503051438534, "40": 0.35047951176983433, "41": 0.34960767218831734, "42": 0.34960767218831734, "43": 0.35309503051438534, "44": 0.3561464690496949, "45": 0.3526591107236269, "46": 0.34481255448997383, "47": 0.35004359197907586, "48": 0.35396687009590233, "49": 0.35396687009590233, "50": 0.35571054925893636}}