{"learning rate": 2.5e-05, "epoch_accuracy": {"1.0": 0.6293716656787196, "2.0": 0.6595657972732661, "3.0": 0.6749777711914642, "4.0": 0.6871665678719621, "5.0": 0.6970213396561944, "6.0": 0.7029119739181979, "7.0": 0.7087655601659751, "8.0": 0.7156935388263189, "9.0": 0.7200281564908121, "10.0": 0.7241404860699466, "11.0": 0.728326911677534, "12.0": 0.7327356253704801, "13.0": 0.736106994665086, "14.0": 0.7394783639596918, "15.0": 0.7419976289270895, "16.0": 0.7451096621221103, "17.0": 0.747962359217546, "18.0": 0.7496665678719621, "19.0": 0.7525933609958506, "20.0": 0.7541864256075874, "21.0": 0.7563352104327208, "22.0": 0.7586321873147599, "23.0": 0.7602622999407231, "24.0": 0.7616701244813278, "25.0": 0.7627445168938944, "26.0": 0.7647821576763485, "27.0": 0.766338174273859, "28.0": 0.7673755186721992, "29.0": 0.7689315352697096, "30.0": 0.7702282157676349, "31.0": 0.7714508002371073, "32.0": 0.7718953764078246, "33.0": 0.7730068168346177, "34.0": 0.7746369294605809, "35.0": 0.7749703615886189, "36.0": 0.7761558980438649, "37.0": 0.7770080023710729, "38.0": 0.7779342027267339, "39.0": 0.7785640189685833, "40.0": 0.77963841138115, "41.0": 0.7796754593953764, "42.0": 0.7806016597510373, "43.0": 0.7814537640782454, "44.0": 0.7825281564908121, "45.0": 0.7825281564908121, "46.0": 0.783454356846473, "47.0": 0.7840100770598696, "48.0": 0.784047125074096, "49.0": 0.7846769413159455, "50.0": 0.785232661529342}}