{"learning rate": 0.00025, "epoch_accuracy": {"1": 0.3631211857018309, "2": 0.35004359197907586, "3": 0.35047951176983433, "4": 0.35527462946817784, "5": 0.3561464690496949, "6": 0.35309503051438534, "7": 0.34132519616390583, "8": 0.35222319093286836, "9": 0.35222319093286836, "10": 0.3469921534437663, "11": 0.35178727114210984, "12": 0.34524847428073235, "13": 0.35178727114210984, "14": 0.35571054925893636, "15": 0.3469921534437663, "16": 0.35309503051438534, "17": 0.35527462946817784, "18": 0.35658238884045335, "19": 0.34524847428073235, "20": 0.3526591107236269, "21": 0.35353095030514387, "22": 0.35745422842197033, "23": 0.35222319093286836, "24": 0.35789014821272885, "25": 0.35309503051438534, "26": 0.3548387096774194, "27": 0.33914559721011334, "28": 0.34176111595466435, "29": 0.35440278988666085, "30": 0.34394071490845685, "31": 0.34786399302528337, "32": 0.34786399302528337, "33": 0.33827375762859635, "34": 0.33347863993025284, "35": 0.33783783783783783, "36": 0.35004359197907586, "37": 0.34873583260680036, "38": 0.34045335658238884, "39": 0.34612031386224934, "40": 0.35004359197907586, "41": 0.33827375762859635, "42": 0.34088927637314737, "43": 0.34045335658238884, "44": 0.34742807323452485, "45": 0.35396687009590233, "46": 0.34829991281604183, "47": 0.33958151700087186, "48": 0.3491717523975589, "49": 0.34394071490845685, "50": 0.35047951176983433}}