{"learning rate": 0.0001, "epoch_accuracy": {"1.0": 0.5336843449753772, "2.0": 0.5590877481798958, "3.0": 0.5719313682358117, "4.0": 0.5800207200942339, "5.0": 0.5862367483643898, "6.0": 0.5941557980784241, "7.0": 0.5968806323886295, "8.0": 0.6012942962973475, "9.0": 0.6030398932773229, "10.0": 0.6057363438967969, "11.0": 0.6091849623206506, "12.0": 0.6124490867547507, "13.0": 0.6130877197962051, "14.0": 0.6167208322098122, "15.0": 0.6180690575195492, "16.0": 0.6202971772419568, "17.0": 0.6213047982629182, "18.0": 0.6224685295829017, "19.0": 0.6249804862126223, "20.0": 0.6267544668833288, "21.0": 0.6285000638633041, "22.0": 0.6316080779983821, "23.0": 0.6310687878744873, "24.0": 0.632062217050083, "25.0": 0.6327434256276344, "26.0": 0.6341768020095653, "27.0": 0.6363055788144132, "28.0": 0.6381789024026794, "29.0": 0.6388743028255964, "30.0": 0.6400238423002143, "31.0": 0.6422945375587188, "32.0": 0.6431744319713892, "33.0": 0.6448916452606333, "34.0": 0.6450335637142898, "35.0": 0.6468359280757277, "36.0": 0.6472474915913317, "37.0": 0.6480422349318082, "38.0": 0.6477583980244951, "39.0": 0.6492201580971574, "40.0": 0.6512637838298114, "41.0": 0.6524417069951606, "42.0": 0.6527539275932049, "43.0": 0.6539744262946511, "44.0": 0.6535770546244128, "45.0": 0.6548543207073215, "46.0": 0.6547265940990307, "47.0": 0.6568979464399756, "48.0": 0.6571817833472886, "49.0": 0.6610561571321119, "50.0": 0.6599775768843222}}