{"learning rate": 0.00025, "epoch_accuracy": {"1": 0.3561464690496949, "2": 0.3618134263295554, "3": 0.3596338273757629, "4": 0.3526591107236269, "5": 0.36050566695727987, "6": 0.35701830863121187, "7": 0.34786399302528337, "8": 0.34612031386224934, "9": 0.35222319093286836, "10": 0.35527462946817784, "11": 0.3561464690496949, "12": 0.36224934612031384, "13": 0.35919790758500436, "14": 0.3548387096774194, "15": 0.3548387096774194, "16": 0.35091543156059285, "17": 0.34655623365300786, "18": 0.34742807323452485, "19": 0.35527462946817784, "20": 0.34829991281604183, "21": 0.35178727114210984, "22": 0.35222319093286836, "23": 0.34394071490845685, "24": 0.35527462946817784, "25": 0.34960767218831734, "26": 0.35091543156059285, "27": 0.34742807323452485, "28": 0.34873583260680036, "29": 0.3387096774193548, "30": 0.34829991281604183, "31": 0.34829991281604183, "32": 0.34394071490845685, "33": 0.34481255448997383, "34": 0.35004359197907586, "35": 0.33478639930252835, "36": 0.3469921534437663, "37": 0.34306887532693986, "38": 0.34612031386224934, "39": 0.34960767218831734, "40": 0.34045335658238884, "41": 0.33696599825632084, "42": 0.34263295553618134, "43": 0.3469921534437663, "44": 0.35440278988666085, "45": 0.34263295553618134, "46": 0.34437663469921537, "47": 0.34829991281604183, "48": 0.35396687009590233, "49": 0.34132519616390583, "50": 0.3387096774193548}}