{"learning rate": 2.5e-05, "epoch_accuracy": {"1.0": 0.48730601444611316, "2.0": 0.5020586222045137, "3.0": 0.5095677404194889, "4.0": 0.5189873417721519, "5.0": 0.5216129790255515, "6.0": 0.5268846865070851, "7.0": 0.5318601158549667, "8.0": 0.5351702577619762, "9.0": 0.5361510405492383, "10.0": 0.5398391924888385, "11.0": 0.5417905415759954, "12.0": 0.5438747049989273, "13.0": 0.5447941888619855, "14.0": 0.5483903924152798, "15.0": 0.5485742891878914, "16.0": 0.5494631235888476, "17.0": 0.5522726576148589, "18.0": 0.5508525658708023, "19.0": 0.5530797601168767, "20.0": 0.5545407178104024, "21.0": 0.5542648726514849, "22.0": 0.5576056640205964, "23.0": 0.5588929414288779, "24.0": 0.5575647980711271, "25.0": 0.5603845485845057, "26.0": 0.5610179708012791, "27.0": 0.5603538991224037, "28.0": 0.5617535578917257, "29.0": 0.563950102675698, "30.0": 0.5645222259682676, "31.0": 0.5654008438818565, "32.0": 0.5649206689755928, "33.0": 0.5658810187881202, "34.0": 0.568547521990989, "35.0": 0.5671580797090344, "36.0": 0.5688335836372739, "37.0": 0.5703864897171055, "38.0": 0.5694159234172107, "39.0": 0.5722050244684872, "40.0": 0.5710607778833482, "41.0": 0.5720517771579775, "42.0": 0.5722254574432218, "43.0": 0.5733901370030956, "44.0": 0.5723071893421604, "45.0": 0.5731142918441782, "46.0": 0.57382944595989, "47.0": 0.5754947334007622, "48.0": 0.5757399290975777, "49.0": 0.5766696294480032, "50.0": 0.5781510201162636}}