{"learning rate": 7.5e-05, "epoch_accuracy": {"1": 0.35876198779424584, "2": 0.35396687009590233, "3": 0.35091543156059285, "4": 0.34829991281604183, "5": 0.34786399302528337, "6": 0.35396687009590233, "7": 0.35701830863121187, "8": 0.3469921534437663, "9": 0.35309503051438534, "10": 0.35701830863121187, "11": 0.36050566695727987, "12": 0.34394071490845685, "13": 0.34176111595466435, "14": 0.34524847428073235, "15": 0.34655623365300786, "16": 0.34612031386224934, "17": 0.35571054925893636, "18": 0.35701830863121187, "19": 0.35353095030514387, "20": 0.3548387096774194, "21": 0.34786399302528337, "22": 0.3469921534437663, "23": 0.34960767218831734, "24": 0.35178727114210984, "25": 0.3618134263295554, "26": 0.35745422842197033, "27": 0.3583260680034874, "28": 0.3561464690496949, "29": 0.35571054925893636, "30": 0.36355710549258935, "31": 0.35091543156059285, "32": 0.35047951176983433, "33": 0.35178727114210984, "34": 0.34263295553618134, "35": 0.34612031386224934, "36": 0.35178727114210984, "37": 0.35396687009590233, "38": 0.34960767218831734, "39": 0.35135135135135137, "40": 0.35135135135135137, "41": 0.34306887532693986, "42": 0.3421970357454228, "43": 0.35353095030514387, "44": 0.35004359197907586, "45": 0.34786399302528337, "46": 0.34394071490845685, "47": 0.34437663469921537, "48": 0.3548387096774194, "49": 0.35091543156059285, "50": 0.3469921534437663}}