{"learning rate": 7.5e-05, "epoch_accuracy": {"1.0": 0.5123219581471117, "2.0": 0.5261476128816674, "3.0": 0.5319117831335366, "4.0": 0.5344388287874358, "5.0": 0.5405371538365148, "6.0": 0.5459462846163485, "7.0": 0.5487448310429807, "8.0": 0.5497264107597845, "9.0": 0.5525876112108934, "10.0": 0.5492460632387953, "11.0": 0.5564512760536319, "12.0": 0.5548849254417109, "13.0": 0.556012697882294, "14.0": 0.5553235036130487, "15.0": 0.5608161730921849, "16.0": 0.5568898542249697, "17.0": 0.56183952215864, "18.0": 0.5608997117914875, "19.0": 0.5603358255711959, "20.0": 0.5619230608579424, "21.0": 0.5641577210642831, "22.0": 0.5638026815922476, "23.0": 0.5670398061902177, "24.0": 0.5690029656238252, "25.0": 0.5681049246063239, "26.0": 0.5685017334280106, "27.0": 0.5704231235119669, "28.0": 0.5724489369700514, "29.0": 0.5740570569316236, "30.0": 0.5756442922183702, "31.0": 0.5739735182323211, "32.0": 0.5765632179106971, "33.0": 0.5772941815295936, "34.0": 0.5782757612463973, "35.0": 0.577106219456163, "36.0": 0.5788396474666889, "37.0": 0.5820767720646589, "38.0": 0.5815546551940186, "39.0": 0.5830792364562883, "40.0": 0.5822229647884383, "41.0": 0.5833089678793701, "42.0": 0.5842070088968715, "43.0": 0.5831627751555908, "44.0": 0.5842696629213483, "45.0": 0.5842905475961739, "46.0": 0.585794244183618, "47.0": 0.5841652395472202, "48.0": 0.5872979407710622, "49.0": 0.5881124430892611, "50.0": 0.589469946952926}}