{"learning rate": 0.00025, "epoch_accuracy": {"1": 0.34655623365300786, "2": 0.35222319093286836, "3": 0.3491717523975589, "4": 0.35527462946817784, "5": 0.34829991281604183, "6": 0.34742807323452485, "7": 0.35135135135135137, "8": 0.35047951176983433, "9": 0.34960767218831734, "10": 0.35658238884045335, "11": 0.3548387096774194, "12": 0.34394071490845685, "13": 0.35658238884045335, "14": 0.35222319093286836, "15": 0.34394071490845685, "16": 0.34612031386224934, "17": 0.34655623365300786, "18": 0.34306887532693986, "19": 0.35222319093286836, "20": 0.35658238884045335, "21": 0.34873583260680036, "22": 0.35004359197907586, "23": 0.35135135135135137, "24": 0.34655623365300786, "25": 0.34045335658238884, "26": 0.35135135135135137, "27": 0.35222319093286836, "28": 0.35440278988666085, "29": 0.34829991281604183, "30": 0.34612031386224934, "31": 0.35353095030514387, "32": 0.35745422842197033, "33": 0.3583260680034874, "34": 0.34960767218831734, "35": 0.35745422842197033, "36": 0.35701830863121187, "37": 0.34960767218831734, "38": 0.34960767218831734, "39": 0.34786399302528337, "40": 0.35309503051438534, "41": 0.35004359197907586, "42": 0.34612031386224934, "43": 0.35353095030514387, "44": 0.34873583260680036, "45": 0.3421970357454228, "46": 0.34524847428073235, "47": 0.33740191804707936, "48": 0.34829991281604183, "49": 0.34437663469921537, "50": 0.35222319093286836}}