{"learning rate": 0.0001, "epoch_accuracy": {"1.0": 0.49386041072346154, "2.0": 0.5166114428477772, "3.0": 0.5304676010418697, "4.0": 0.5399294788879636, "5.0": 0.5467335258784131, "6.0": 0.553838793699169, "7.0": 0.5581976363024257, "8.0": 0.5627159487570211, "9.0": 0.5665609440615199, "10.0": 0.5690061484487128, "11.0": 0.5721246699860021, "12.0": 0.5729751758598083, "13.0": 0.5752077537785495, "14.0": 0.5786452150185162, "15.0": 0.5807891985754027, "16.0": 0.5847405071141273, "17.0": 0.5836596558994985, "18.0": 0.5860162659248366, "19.0": 0.5861225791590623, "20.0": 0.5884614703120293, "21.0": 0.5899144178464483, "22.0": 0.5920584014033347, "23.0": 0.5913142087637543, "24.0": 0.5950883285787693, "25.0": 0.5987915729043004, "26.0": 0.5982068501160586, "27.0": 0.5972145932632847, "28.0": 0.6002622393110902, "29.0": 0.6013608093980899, "30.0": 0.602264471889009, "31.0": 0.6046565196590888, "32.0": 0.6051349292131049, "33.0": 0.6058968407250562, "34.0": 0.6101848078388291, "35.0": 0.6082711696227652, "36.0": 0.6094583340716196, "37.0": 0.607916792175346, "38.0": 0.6106277796481032, "39.0": 0.6110707514573772, "40.0": 0.6109112816060386, "41.0": 0.6118503818416996, "42.0": 0.6155181884224888, "43.0": 0.6147562769105374, "44.0": 0.6169179793397949, "45.0": 0.616864822722682, "46.0": 0.6172546379148431, "47.0": 0.617290075659585, "48.0": 0.6192923082375038, "49.0": 0.6181583004057621, "50.0": 0.6183709268742137}}