{"epoch_accuracy": {"1": 0.7022672180236703, "2": 0.7074005418508484, "3": 0.7130329388278911, "4": 0.7181662626550691, "5": 0.7232995864822472, "6": 0.7294310566091544, "7": 0.7339227149579353, "8": 0.7374162270069871, "9": 0.7414801083701696, "10": 0.7449736204192214, "11": 0.7474689861685442, "12": 0.7508199058890632, "13": 0.7539569371167831, "14": 0.7562384143733067, "15": 0.7589476686154285, "16": 0.761799515186083, "17": 0.763581919292742, "18": 0.7651504349066021, "19": 0.7665050620276629, "20": 0.7687152431199201, "21": 0.7693569085983174, "22": 0.7709967203764437, "23": 0.7725652359903037, "24": 0.7731356053044346, "25": 0.7738485669470982, "26": 0.7747754170825609, "27": 0.7772707828318837, "28": 0.7786254099529445, "29": 0.7801226294025382, "30": 0.7817624411806645, "31": 0.7841152146014544, "32": 0.7853272493939826, "33": 0.7853272493939826, "34": 0.7860402110366462, "35": 0.7867531726793099, "36": 0.7882503921289035, "37": 0.7889633537715671, "38": 0.7896050192499644, "39": 0.7910309425352916, "40": 0.7925281619848852, "41": 0.793455012120348, "42": 0.796021674033937, "43": 0.7966633395123343, "44": 0.7975901896477969, "45": 0.7974475973192642, "46": 0.7977327819763297, "47": 0.7983031512904606, "48": 0.7985170397832596, "49": 0.7991587052616569, "50": 0.8013688863539141}}