{"learning rate": 0.00025, "epoch_accuracy": {"1.0": 0.2455600700383318, "2.0": 0.3205470561591141, "3.0": 0.34299177252415175, "4.0": 0.36506691725426305, "5.0": 0.38288522772598516, "6.0": 0.3993063771388395, "7.0": 0.41170505479350183, "8.0": 0.4234997983130407, "9.0": 0.42993575312614785, "10.0": 0.438476463469872, "11.0": 0.44473664640783134, "12.0": 0.4522114580727741, "13.0": 0.459496976949096, "14.0": 0.46526815351645157, "15.0": 0.47132101578115954, "16.0": 0.47600826578510314, "17.0": 0.4814774752848969, "18.0": 0.4854165680766726, "19.0": 0.4899280462054683, "20.0": 0.49296574476571636, "21.0": 0.49789637121217245, "22.0": 0.5011729392437753, "23.0": 0.5044833095590605, "24.0": 0.5079536773504418, "25.0": 0.5110567269924756, "26.0": 0.5134566891339178, "27.0": 0.5159693255543011, "28.0": 0.5187118175037239, "29.0": 0.5206498151015082, "30.0": 0.5231849863776796, "31.0": 0.5256480461153289, "32.0": 0.5289381350604047, "33.0": 0.5318248500868719, "34.0": 0.534375795762095, "35.0": 0.5361740772539926, "36.0": 0.5375779987695969, "37.0": 0.5408838621137244, "38.0": 0.5428218597115088, "39.0": 0.5438855049047113, "40.0": 0.5449559105546504, "41.0": 0.5460736394017447, "42.0": 0.547874174379221, "43.0": 0.5503372341168703, "44.0": 0.5518290415700484, "45.0": 0.5523405827964404, "46.0": 0.5542921013076977, "47.0": 0.5558853156119228, "48.0": 0.5570841699398544, "49.0": 0.5577940178971824, "50.0": 0.5595584971053977}}