{"learning rate": 0.00025, "epoch_accuracy": {"1": 0.28220607033225414, "2": 0.3343021357194174, "3": 0.3502570514196143, "4": 0.37038263806600297, "5": 0.3828106776640511, "6": 0.39295277904774345, "7": 0.3998992321113672, "8": 0.40533416684549856, "9": 0.40923425734999114, "10": 0.410801757839835, "11": 0.4140114016999916, "12": 0.4168431659777751, "13": 0.4188958451906659, "14": 0.42140104686639857, "15": 0.42029539919945513, "16": 0.4225860025938401, "17": 0.42289390447577374, "18": 0.4232764492381761, "19": 0.4260895527958424, "20": 0.4255950437127369, "21": 0.4263647984175709, "22": 0.42629948589716077, "23": 0.42784832566688746, "24": 0.42878136167274694, "25": 0.42824020078934844, "26": 0.42847812497084264, "27": 0.42751243270477807, "28": 0.4292152234154716, "29": 0.42944848241693645, "30": 0.42929919665599897, "31": 0.43035819252264945, "32": 0.4327281039775325, "33": 0.4331246442800228, "34": 0.4337451132239193, "35": 0.43439823842802094, "36": 0.43542924321449566, "37": 0.43369846142362634, "38": 0.43422096158690765, "39": 0.4355645334353453, "40": 0.4353359396139097, "41": 0.43608236841859727, "42": 0.43548522537484724, "43": 0.4349720555716245, "44": 0.43627830597982775, "45": 0.4367121677225524, "46": 0.4353592655140562, "47": 0.43701540442445674, "48": 0.43756123048788453, "49": 0.4376731948085877, "50": 0.4373233063063904}}