{"learning rate": 0.00025, "epoch_accuracy": {"25.0": 0.7100437310778983, "26.0": 0.7115179863413801, "27.0": 0.7142705346511384, "28.0": 0.716483786395844, "29.0": 0.7189213000784909, "30.0": 0.7215179329456808, "31.0": 0.7232746514595696, "32.0": 0.725795996390449, "33.0": 0.7282548683529045, "34.0": 0.7305738435826381, "35.0": 0.7328997602533095, "36.0": 0.73427897117166, "37.0": 0.736581927691545, "38.0": 0.7382564168281888, "39.0": 0.7401092476011958, "40.0": 0.7415867066066499, "41.0": 0.7433829379381776, "42.0": 0.7452090708614334, "43.0": 0.7458834585462476, "44.0": 0.7479237082245387, "45.0": 0.7494721835103394, "46.0": 0.7503857839289624, "47.0": 0.751598400264844, "48.0": 0.7530950817221196, "49.0": 0.7548069478484203, "50.0": 0.755922917968187}}