{"epoch_accuracy": {"1": 0.3809012875536479, "2": 0.3979753685389066, "3": 0.40253156683460833, "4": 0.40433538595509105, "5": 0.4106176525471172, "6": 0.41321453007401865, "7": 0.41464514523853957, "8": 0.4173975244137587, "9": 0.41786402935871125, "10": 0.41926354419356854, "11": 0.41803508117186033, "12": 0.41895254089693357, "13": 0.42019655408347334, "14": 0.4210829134788829, "15": 0.42133171611619097, "16": 0.4226690302917209, "17": 0.4230888847421783, "18": 0.42329103688499115, "19": 0.42431734776388635, "20": 0.42224917584126404, "21": 0.4238041923244386, "22": 0.4246283510605214, "23": 0.4247994028736703, "24": 0.42584126391739746, "25": 0.42479940287367063, "26": 0.4266965229831436, "27": 0.42576351309323895, "28": 0.4232288362256639, "29": 0.4251726068296323, "30": 0.42582571375256567, "31": 0.425079305840642, "32": 0.425141506499969, "33": 0.42537475897244514, "34": 0.42638551968650884, "35": 0.42584126391739757, "36": 0.42528145798345485, "37": 0.42655657149965787, "38": 0.4241618461155687, "39": 0.4268675747962928, "40": 0.4255924612800896, "41": 0.4264943708403311, "42": 0.42604341606021007, "43": 0.42543695963177214, "44": 0.42825153946631833, "45": 0.4269297754556196, "46": 0.4257324127635752, "47": 0.4252192573241278, "48": 0.42554581078559434, "49": 0.4268364744666293, "50": 0.42551471045593076, "51": 0.4266187721589848, "52": 0.4249860048516515, "53": 0.42422404677489595, "54": 0.4260434160602101, "55": 0.42520370715929584, "56": 0.42669652298314376, "57": 0.42517260682963204, "58": 0.42599676556571503, "59": 0.4253436586427817, "60": 0.4260434160602103, "61": 0.42543695963177214, "62": 0.42521925732412763, "63": 0.4250171051813149, "64": 0.4261522672140324, "65": 0.42483050320333393, "66": 0.42528145798345457, "67": 0.42492380419232473, "68": 0.42557691111525786, "69": 0.4267742738073022, "70": 0.4265099210051628, "71": 0.4262144678733593, "72": 0.42475275237917515, "73": 0.4252970081482864, "74": 0.42579461342290215, "75": 0.4259501150712197, "76": 0.42727187908191827, "77": 0.42436399825838167, "78": 0.4270541767742735, "79": 0.42682092430179763, "80": 0.42688312496112457, "81": 0.4252348074889594, "82": 0.4264010698513405, "83": 0.4256391117745848, "84": 0.42640106985134063, "85": 0.42576351309323873, "86": 0.426183367543696, "87": 0.42668097281831174, "88": 0.4253747589724452, "89": 0.4252659078186227, "90": 0.4256546619394164, "91": 0.42734962990607717, "92": 0.42668097281831197, "93": 0.42663432232381665, "94": 0.4278316850158611, "95": 0.4264943708403309, "96": 0.4259034645767247, "97": 0.42565466193941676, "98": 0.4258412639173976, "99": 0.425919014741556, "100": 0.4248460533681656}}