{"learning rate": 0.0001, "epoch_accuracy": {"5": 0.4139607938578997, "6": 0.42736452608071535, "7": 0.43786576887801204, "8": 0.44456087453268345, "9": 0.4522768091545598, "10": 0.46203665519642506, "11": 0.46930189270253764, "12": 0.47729049907945115, "13": 0.48443179487872867, "14": 0.49041705257607204, "15": 0.49533190462347637, "16": 0.5002715450122477, "17": 0.5040100775875085, "18": 0.5082398700189518, "19": 0.5132786637731912, "20": 0.5168617058435134, "21": 0.5200526414231212, "22": 0.5228244286850686, "23": 0.5263421196736051, "24": 0.528449128689801, "25": 0.5310947207593345, "26": 0.5336005967229813, "27": 0.5366112534562835, "28": 0.5381210887940923, "29": 0.5408951295416184, "30": 0.5427452412018289}}