{"learning rate": 0.0001, "epoch_accuracy": {"5": 0.38683672802933466, "6": 0.393228024669472, "7": 0.3980191645595604, "8": 0.4020218890246975, "9": 0.40396260391688515, "10": 0.40760144433973705, "11": 0.410330574656876, "12": 0.4136988346380287, "13": 0.41660990697631023, "14": 0.4185786129486737, "15": 0.41878388086996277, "16": 0.4202814036593672, "17": 0.4213030780857833, "18": 0.4218302434290939, "19": 0.42225477481176, "20": 0.42357502076005116, "21": 0.42401821286283436, "22": 0.42441941834535396, "23": 0.4249745747688403, "24": 0.4252218293103931, "25": 0.4250398872892505, "26": 0.42671935209979756, "27": 0.4246806684269946, "28": 0.42723718708304953, "29": 0.4265560707987721, "30": 0.4269992629015554}}