{"epoch_accuracy": {"1": 0.5214050493962679, "2": 0.5246981339187706, "3": 0.5236004390779363, "4": 0.5301866081229418, "5": 0.5290889132821076, "6": 0.5301866081229418, "7": 0.535675082327113, "8": 0.5257958287596048, "9": 0.531284302963776, "10": 0.531284302963776, "11": 0.5367727771679474, "12": 0.5345773874862788, "13": 0.535675082327113, "14": 0.535675082327113, "15": 0.5323819978046103, "16": 0.5334796926454446, "17": 0.5345773874862788, "18": 0.5334796926454446, "19": 0.535675082327113, "20": 0.5367727771679474, "21": 0.5378704720087816, "22": 0.5389681668496158, "23": 0.535675082327113, "24": 0.531284302963776, "25": 0.5279912184412733, "26": 0.5268935236004391, "27": 0.5301866081229418, "28": 0.531284302963776, "29": 0.5257958287596048, "30": 0.5246981339187706, "31": 0.5214050493962679, "32": 0.5257958287596048, "33": 0.5257958287596048, "34": 0.5323819978046103, "35": 0.5334796926454446, "36": 0.5334796926454446, "37": 0.5345773874862788, "38": 0.5334796926454446, "39": 0.5345773874862788, "40": 0.535675082327113, "41": 0.535675082327113, "42": 0.5389681668496158, "43": 0.531284302963776, "44": 0.5301866081229418, "45": 0.531284302963776, "46": 0.5334796926454446, "47": 0.5290889132821076, "48": 0.5290889132821076, "49": 0.531284302963776, "50": 0.5279912184412733}}