{"epoch_accuracy": {"1": 0.4609125254286544, "2": 0.461057832025574, "3": 0.463673350770125, "4": 0.46469049694856135, "5": 0.4641092705608834, "6": 0.462801511188608, "7": 0.461929671607091, "8": 0.4588782330717815, "9": 0.46134844521941293, "10": 0.4601859924440569, "11": 0.46134844521941304, "12": 0.4594594594594595, "13": 0.45858761987794244, "14": 0.457570473699506, "15": 0.45553618134263296, "16": 0.4609125254286544, "17": 0.4610578320255739, "18": 0.4593141528625399, "19": 0.46134844521941304, "20": 0.4619296716070911, "21": 0.458442313281023, "22": 0.4593141528625399, "23": 0.4588782330717814, "24": 0.4594594594594595, "25": 0.4578610868933449, "26": 0.46033129904097647, "27": 0.461639058413252, "28": 0.46134844521941293, "29": 0.458151700087184, "30": 0.45611740773031084, "31": 0.45568148793955243, "32": 0.45727986050566694, "33": 0.45684394071490836, "34": 0.4601859924440569, "35": 0.46120313862249346, "36": 0.45931415286254, "37": 0.46163905841325203, "38": 0.4580063934902645, "39": 0.45989537925021795, "40": 0.4600406858471374, "41": 0.4587329264748618, "42": 0.46076721883173494, "43": 0.45466434176111586, "44": 0.4539378087765184, "45": 0.4559721011333915, "46": 0.45684394071490836, "47": 0.45698924731182794, "48": 0.45568148793955243, "49": 0.4565533275210694, "50": 0.455245568148794}}