{"epoch_accuracy": {"1": 0.7164551547126765, "2": 0.7371310423499216, "3": 0.7543134179381149, "4": 0.7695707970911165, "5": 0.781477256523599, "6": 0.7898902039070298, "7": 0.7973050049907315, "8": 0.8022244403251105, "9": 0.8080707257949522, "10": 0.812562384143733, "11": 0.8152003422215884, "12": 0.8177670041351776, "13": 0.8206188507058321, "14": 0.8226151433052902, "15": 0.8253956937116783, "16": 0.8281762441180665, "17": 0.8319549408241836, "18": 0.83673178383003, "19": 0.8386567802652217, "20": 0.840866961357479, "21": 0.8429345501212034, "22": 0.8447882503921289, "23": 0.8464993583345216, "24": 0.8488521317553116, "25": 0.8509197205190361, "26": 0.8527734207899615, "27": 0.853842863253957, "28": 0.854841009553686, "29": 0.856409525167546, "30": 0.8574789676315414, "31": 0.8582632254384714, "32": 0.8595465563952659, "33": 0.8606159988592613, "34": 0.8621845144731214, "35": 0.8630400684443177, "36": 0.8640382147440467, "37": 0.8649650648795095, "38": 0.8656067303579067, "39": 0.8671752459717668, "40": 0.8685298730928276, "41": 0.8694567232282904, "42": 0.8700270925424212, "43": 0.870953942677884, "44": 0.8720233851418794, "45": 0.873520604591473, "46": 0.8742335662341366, "47": 0.8749465278768003, "48": 0.8761585626693283, "49": 0.8772280051333238, "50": 0.8788678169114502}}