{"epoch_accuracy": {"1": 0.7673157238162391, "2": 0.7736074198622336, "3": 0.7803872647393828, "4": 0.78662472202636, "5": 0.7922655529641481, "6": 0.7974724738297988, "7": 0.8018115745511742, "8": 0.8053370938872919, "9": 0.8079405543201171, "10": 0.8111948798611488, "11": 0.8132017139447849, "12": 0.8148288767153008, "13": 0.817703530943212, "14": 0.819656126267831, "15": 0.8219341541465531, "16": 0.8236697944351034, "17": 0.8259478223138255, "18": 0.8278461788794272, "19": 0.8298530129630634, "20": 0.8322395183598199, "21": 0.8340836361664045, "22": 0.8354938439008516, "23": 0.836741335358247, "24": 0.8383142593697456, "25": 0.8392363182730379, "26": 0.8405380484894506, "27": 0.8420024949829148, "28": 0.843195747681293, "29": 0.8442262841026197, "30": 0.845148343005912, "31": 0.8459076856321527, "32": 0.8469924608124966, "33": 0.8481857135108749, "34": 0.8495416824863047, "35": 0.8505722189076313, "36": 0.8514942778109237, "37": 0.8525790529912676, "38": 0.8533383956175082, "39": 0.8539350219666973, "40": 0.8548570808699897, "41": 0.8562130498454196, "42": 0.8567554374355915, "43": 0.857460541302815, "44": 0.8580029288929869, "45": 0.8590334653143136, "46": 0.8599012854585887, "47": 0.8604979118077778, "48": 0.8612572544340186, "49": 0.8619081195422249, "50": 0.8626674621684656}}