{"learning rate": 0.00025, "epoch_accuracy": {"1.0": 0.710809228968364, "2.0": 0.7428457012598959, "3.0": 0.7640698641530358, "4.0": 0.7763915842651634, "5.0": 0.784554723839448, "6.0": 0.7888365215784123, "7.0": 0.7958907063426054, "8.0": 0.7989095277700767, "9.0": 0.8020207620983889, "10.0": 0.8065181899393156, "11.0": 0.8053476265286634, "12.0": 0.8103995317746358, "13.0": 0.812833071496781, "14.0": 0.8146505252133198, "15.0": 0.817761759541632, "16.0": 0.8210578196716262, "17.0": 0.8260789206173181, "18.0": 0.8252472045097495, "19.0": 0.8269414410251671, "20.0": 0.8312848473646921, "21.0": 0.8309460000616086, "22.0": 0.8318701290700182, "23.0": 0.8347965375966485, "24.0": 0.8356282537042171, "25.0": 0.8354742322028155, "26.0": 0.8373840988201953, "27.0": 0.8402180944459846, "28.0": 0.8418507223608416, "29.0": 0.8416658965591597, "30.0": 0.8440994362813049, "31.0": 0.8446539136863506, "32.0": 0.8438838061793427, "33.0": 0.8475187136124203, "34.0": 0.8468718233065335, "35.0": 0.8491821458275576, "36.0": 0.8507839694421341, "37.0": 0.8530018790623171, "38.0": 0.8537411822690447, "39.0": 0.8545728983766133, "40.0": 0.8552505929827804, "41.0": 0.8542648553738101, "42.0": 0.8558666789883868, "43.0": 0.8562363305917506, "44.0": 0.8579921757077288, "45.0": 0.8589471090164187, "46.0": 0.8602100853279118, "47.0": 0.8617503003419278, "48.0": 0.8628592551520192, "49.0": 0.8636909712595878, "50.0": 0.864091427163232}}