{"epoch_accuracy": {"1": 0.46120313862249346, "2": 0.46134844521941304, "3": 0.4629468177855275, "4": 0.4629468177855275, "5": 0.46265620459168844, "6": 0.463092124382447, "7": 0.462801511188608, "8": 0.458442313281023, "9": 0.46251089799476897, "10": 0.46062191223481547, "11": 0.45975007265329837, "12": 0.45989537925021795, "13": 0.4622202848009299, "14": 0.46251089799476885, "15": 0.46134844521941293, "16": 0.4654170299331589, "17": 0.46439988375472235, "18": 0.4649811101424004, "19": 0.46265620459168844, "20": 0.461929671607091, "21": 0.46047660563789594, "22": 0.460185992444057, "23": 0.4600406858471374, "24": 0.46309212438244696, "25": 0.46309212438244696, "26": 0.46396396396396394, "27": 0.467160709096193, "28": 0.46527172333623945, "29": 0.4643998837547224, "30": 0.4657076431269979, "31": 0.463673350770125, "32": 0.46163905841325203, "33": 0.46134844521941304, "34": 0.4609125254286545, "35": 0.46062191223481547, "36": 0.4629468177855275, "37": 0.46207497820401044, "38": 0.4609125254286545, "39": 0.46207497820401056, "40": 0.46352804417320553, "41": 0.4623655913978494, "42": 0.461929671607091, "43": 0.46207497820401044, "44": 0.46396396396396394, "45": 0.46134844521941293, "46": 0.4609125254286544, "47": 0.4609125254286544, "48": 0.4609125254286545, "49": 0.45989537925021795, "50": 0.46134844521941293}}