{"epoch_accuracy": {"1": 0.5192096597145993, "2": 0.5170142700329309, "3": 0.5214050493962679, "4": 0.5246981339187706, "5": 0.5279912184412733, "6": 0.5301866081229418, "7": 0.5290889132821076, "8": 0.5225027442371021, "9": 0.5301866081229418, "10": 0.5290889132821076, "11": 0.5290889132821076, "12": 0.5290889132821076, "13": 0.531284302963776, "14": 0.5334796926454446, "15": 0.5323819978046103, "16": 0.5367727771679474, "17": 0.5367727771679474, "18": 0.5367727771679474, "19": 0.5367727771679474, "20": 0.5378704720087816, "21": 0.5323819978046103, "22": 0.5345773874862788, "23": 0.5345773874862788, "24": 0.54006586169045, "25": 0.544456641053787, "26": 0.5433589462129528, "27": 0.5488474204171241, "28": 0.544456641053787, "29": 0.5422612513721186, "30": 0.544456641053787, "31": 0.5422612513721186, "32": 0.5389681668496158, "33": 0.5422612513721186, "34": 0.5466520307354555, "35": 0.5455543358946213, "36": 0.5477497255762898, "37": 0.5477497255762898, "38": 0.5499451152579583, "39": 0.5499451152579583, "40": 0.5510428100987925, "41": 0.5488474204171241, "42": 0.5488474204171241, "43": 0.5477497255762898, "44": 0.5499451152579583, "45": 0.5455543358946213, "46": 0.544456641053787, "47": 0.544456641053787, "48": 0.544456641053787, "49": 0.5466520307354555, "50": 0.5477497255762898}}