{"epoch_accuracy": {"1": 0.7637359657211042, "2": 0.7674242013342735, "3": 0.7715463470195801, "4": 0.7756684927048869, "5": 0.7806584585344687, "6": 0.7851602755328958, "7": 0.7892824212182026, "8": 0.7941096707707328, "9": 0.7973097575527472, "10": 0.800075934262624, "11": 0.8024624396593806, "12": 0.8046319900200684, "13": 0.8071812116938765, "14": 0.808754135705375, "15": 0.8104897759939252, "16": 0.8122254162824755, "17": 0.8131474751857678, "18": 0.8142864891251288, "19": 0.8154255030644899, "20": 0.8164018007267994, "21": 0.817703530943212, "22": 0.8189510224006075, "23": 0.8197103650268481, "24": 0.821066334002278, "25": 0.8222053479416391, "26": 0.8225850192547595, "27": 0.8237782719531377, "28": 0.8249172858924988, "29": 0.8260020610728427, "30": 0.8268156424581006, "31": 0.8271410750122037, "32": 0.8280088951564788, "33": 0.8287682377827196, "34": 0.829744535445029, "35": 0.8307208331073385, "36": 0.8312089819384932, "37": 0.8315886532516136, "38": 0.8327276671909747, "39": 0.8335954873352498, "40": 0.8348972175516625, "41": 0.8359277539729891, "42": 0.8368498128762814, "43": 0.837880349297608, "44": 0.8388024082009004, "45": 0.839832944622227, "46": 0.8407550035255194, "47": 0.8413516298747085, "48": 0.8418940174648804, "49": 0.8427075988501384, "50": 0.8434127027173618}}