{"epoch_accuracy": {"1": 0.8554261416158255, "2": 0.8651321870955815, "3": 0.8751155481604733, "4": 0.882140876317249, "5": 0.8850064706969865, "6": 0.8877796265483453, "7": 0.8901830282861897, "8": 0.8929561841375485, "9": 0.8942503235348493, "10": 0.8954520244037715, "11": 0.8962839711591791, "12": 0.8974856720281014, "13": 0.8988722499537808, "14": 0.8994268811240526, "15": 0.9005361434645961, "16": 0.9009983361064892, "17": 0.9017378443335182, "18": 0.9024773525605473, "19": 0.9035866149010908, "20": 0.9042336845997412, "21": 0.9050656313551488, "22": 0.9058975781105565, "23": 0.9064522092808283, "24": 0.9079312257348863, "25": 0.9107043815862451, "26": 0.9161582547605842, "27": 0.9194860417822148, "28": 0.9221667591051951, "29": 0.924662599371418, "30": 0.9278055093362914, "31": 0.9294694028471067, "32": 0.9309484193011647, "33": 0.9321501201700869, "34": 0.9327047513403587, "35": 0.9334442595673876, "36": 0.9348308374930671, "37": 0.9361249768903679, "38": 0.937603993344426, "39": 0.938343501571455, "40": 0.9396376409687558, "41": 0.9404695877241634, "42": 0.9417637271214643, "43": 0.942318358291736, "44": 0.9433351821039009, "45": 0.9437973747457941, "46": 0.9439822518025514, "47": 0.9441671288593085, "48": 0.9440746903309299, "49": 0.9457385838417453, "50": 0.9471251617674247, "51": 0.9482344241079682, "52": 0.9486041782214827, "53": 0.9501756332039194, "54": 0.9504529487890553, "55": 0.9518395267147347, "56": 0.952024403771492, "57": 0.9521168422998706, "58": 0.9524865964133851, "59": 0.9526714734701424, "60": 0.9526714734701424, "61": 0.9529487890552782, "62": 0.9534109816971714, "63": 0.9534109816971714, "64": 0.9537807358106859, "65": 0.9542429284525791, "66": 0.9546126825660936, "67": 0.9547051210944721, "68": 0.9548899981512294, "69": 0.9553521907931226, "70": 0.9558143834350157, "71": 0.9558143834350157, "72": 0.9562765760769089, "73": 0.9564614531336662, "74": 0.9566463301904233, "75": 0.9569236457755592, "76": 0.9573858384174524, "77": 0.957478276945831, "78": 0.9583102237012386, "79": 0.9588648548715104, "80": 0.9589572933998891, "81": 0.9594194860417822, "82": 0.9598816786836754, "83": 0.9598816786836754, "84": 0.9602514327971898, "85": 0.960713625439083, "86": 0.9608985024958403, "87": 0.9614531336661121, "88": 0.9616380107228693, "89": 0.9616380107228693, "90": 0.9618228877796265, "91": 0.9620077648363838, "92": 0.962192641893141, "93": 0.9633019042336846, "94": 0.9635792198188204, "95": 0.963948973932335, "96": 0.9641338509890922, "97": 0.9642262895174709, "98": 0.9642262895174709, "99": 0.9644111665742281, "100": 0.9644111665742281}}