{"epoch_accuracy": {"1": 0.8658449869637355, "2": 0.8695188433278028, "3": 0.8734297226831003, "4": 0.8759184640910168, "5": 0.8788812514813937, "6": 0.8817255273761555, "7": 0.8838587342972268, "8": 0.885754918227068, "9": 0.8875325906612942, "10": 0.8891917515999052, "11": 0.8907324010429012, "12": 0.8914434700165916, "13": 0.8919175159990519, "14": 0.8927470964683575, "15": 0.893695188433278, "16": 0.8940507229201232, "17": 0.8944062574069684, "18": 0.8949988148850438, "19": 0.8953543493718891, "20": 0.8955913723631193, "21": 0.8963024413368097, "22": 0.8970135103105001, "23": 0.8980801137710358, "24": 0.8993837402228017, "25": 0.9013984356482578, "26": 0.906375918464091, "27": 0.9115904242711543, "28": 0.9162123726001422, "29": 0.9192936714861342, "30": 0.9230860393458166, "31": 0.9249822232756577, "32": 0.9267598957098838, "33": 0.9275894761791894, "34": 0.9291301256221853, "35": 0.9304337520739512, "36": 0.9318558900213321, "37": 0.9325669589950225, "38": 0.9336335624555582, "39": 0.934818677411709, "40": 0.9352927233941692, "41": 0.9368333728371652, "42": 0.9370703958283954, "43": 0.938136999288931, "44": 0.9392036027494667, "45": 0.9397961602275421, "46": 0.9402702062100023, "47": 0.9403887177056175, "48": 0.9406257406968476, "49": 0.9416923441573832, "50": 0.9432329936003793, "51": 0.944536620052145, "52": 0.9450106660346054, "53": 0.946077269495141, "54": 0.9464328039819863, "55": 0.9480919649205973, "56": 0.9484474994074426, "57": 0.9488030338942878, "58": 0.9493955913723631, "59": 0.9496326143635933, "60": 0.9498696373548234, "61": 0.9499881488504385, "62": 0.9502251718416687, "63": 0.9506992178241289, "64": 0.9509362408153591, "65": 0.9511732638065893, "66": 0.9515287982934345, "67": 0.9517658212846646, "68": 0.9520028442758948, "69": 0.9520028442758948, "70": 0.952239867267125, "71": 0.9525954017539702, "72": 0.9528324247452002, "73": 0.9529509362408154, "74": 0.9530694477364304, "75": 0.9533064707276606, "76": 0.9534249822232757, "77": 0.9538990282057359, "78": 0.9547286086750415, "79": 0.9568618155961128, "80": 0.9575728845698033, "81": 0.9586394880303389, "82": 0.9588765110215691, "83": 0.9591135340127992, "84": 0.9597060914908746, "85": 0.96029864896895, "86": 0.96029864896895, "87": 0.9605356719601802, "88": 0.9610097179426405, "89": 0.9611282294382555, "90": 0.9612467409338706, "91": 0.9613652524294857, "92": 0.9618392984119459, "93": 0.9623133443944063, "94": 0.9623133443944063, "95": 0.9624318558900213, "96": 0.9625503673856364, "97": 0.9627873903768666, "98": 0.9629059018724816, "99": 0.9632614363593268, "100": 0.963379947854942}}