{"epoch_accuracy": {"1": 0.6602700781805259, "2": 0.6609808102345416, "3": 0.6621653636579009, "4": 0.665955934612651, "5": 0.6721156124141198, "6": 0.6721156124141199, "7": 0.6714048803601043, "8": 0.6704572376214166, "9": 0.6704572376214166, "10": 0.6650082918739635, "11": 0.6638237384506042, "12": 0.6654821132433074, "13": 0.6640606491352761, "14": 0.6614546316038855, "15": 0.6597962568111823, "16": 0.6645344705046198, "17": 0.6659559346126511, "18": 0.6666666666666666, "19": 0.6669035773513387, "20": 0.6628760957119166, "21": 0.6628760957119166, "22": 0.6628760957119166, "23": 0.6706941483060885, "24": 0.6669035773513385, "25": 0.6690357735133854, "26": 0.6678512200900261, "27": 0.6721156124141199, "28": 0.6706941483060885, "29": 0.6687988628287136, "30": 0.6735370765221511, "31": 0.6761430940535419, "32": 0.6823027718550106, "33": 0.6856195214404169, "34": 0.6827765932243545, "35": 0.6789860222696044, "36": 0.6858564321250888, "37": 0.685382610755745, "38": 0.6865671641791045, "39": 0.6872778962331201, "40": 0.6877517176024639, "41": 0.6825396825396824, "42": 0.67969675432362, "43": 0.6820658611703387, "44": 0.685382610755745, "45": 0.6894100923951669, "46": 0.6901208244491828, "47": 0.6844349680170576, "48": 0.6889362710258233, "49": 0.6870409855484483, "50": 0.693674484719261, "51": 0.6979388770433547, "52": 0.6960435915659796, "53": 0.6939113954039327, "54": 0.693200663349917, "55": 0.6915422885572139, "56": 0.6910684671878701, "57": 0.6943852167732764, "58": 0.695095948827292, "59": 0.6977019663586828, "60": 0.6936744847192609, "61": 0.6905946458185264, "62": 0.6882255389718076, "63": 0.6946221274579483, "64": 0.695095948827292, "65": 0.6927268419805733, "66": 0.6891731817104951, "67": 0.687514806917792, "68": 0.6898839137645107, "69": 0.6927268419805733, "70": 0.6901208244491828, "71": 0.6901208244491828, "72": 0.691305377872542, "73": 0.6943852167732764, "74": 0.691305377872542, "75": 0.6939113954039328, "76": 0.6979388770433546, "77": 0.6981757877280266, "78": 0.6955697701966358, "79": 0.692963752665245, "80": 0.6922530206112295, "81": 0.6898839137645107, "82": 0.6882255389718076, "83": 0.6891731817104951, "84": 0.6868040748637763, "85": 0.6903577351338545, "86": 0.6927268419805732, "87": 0.6920161099265576, "88": 0.6910684671878702, "89": 0.6905946458185264, "90": 0.6910684671878702, "91": 0.691305377872542, "92": 0.6889362710258232, "93": 0.689173181710495, "94": 0.6901208244491827, "95": 0.6898839137645106, "96": 0.6908315565031982, "97": 0.6879886282871357, "98": 0.6886993603411513, "99": 0.6877517176024638, "100": 0.6882255389718076}}