{"learning rate": 0.00025, "epoch_accuracy": {"1.0": 0.853448275862069, "2.0": 0.8708973826339842, "3.0": 0.8780639800581637, "4.0": 0.8826859160781055, "5.0": 0.8867366015787287, "6.0": 0.8893331948483589, "7.0": 0.8912027420024927, "8.0": 0.8925010386373079, "9.0": 0.893799335272123, "10.0": 0.89852513502285, "11.0": 0.9058475280432073, "12.0": 0.9107291233901121, "13.0": 0.9144162858329872, "14.0": 0.9187266306605734, "15.0": 0.9228811798919817, "16.0": 0.9272434565849605, "17.0": 0.9293207312006647, "18.0": 0.9315018695471541, "19.0": 0.9310864146240133, "20.0": 0.931917324470295, "21.0": 0.9344619858745327, "22.0": 0.9375778977980889, "23.0": 0.9393435812214375, "24.0": 0.9393435812214375, "25.0": 0.9407976734524304, "26.0": 0.9428749480681347, "27.0": 0.9432904029912754, "28.0": 0.9442251765683424, "29.0": 0.9440693809721645, "30.0": 0.9460947237224762, "31.0": 0.9477565434150395, "32.0": 0.9479123390112173, "33.0": 0.9488990444536768, "34.0": 0.9495741587037806, "35.0": 0.9506127960116327, "36.0": 0.9507685916078106, "37.0": 0.9506127960116327, "38.0": 0.9517033651848774, "39.0": 0.9522226838388035, "40.0": 0.9527420024927296, "41.0": 0.9526381387619444, "42.0": 0.9541441628583299, "43.0": 0.953469048608226, "44.0": 0.9543518903199003, "45.0": 0.9553385957623598, "46.0": 0.9551308683007894, "47.0": 0.9550270045700041, "48.0": 0.9540922309929373, "49.0": 0.9559098462816784, "50.0": 0.9563253012048193}}