{"epoch_accuracy": {"1": 0.660033167495854, "2": 0.658137882018479, "3": 0.6595593461265102, "4": 0.6552949538024164, "5": 0.6609808102345415, "6": 0.6597962568111821, "7": 0.6624022743425728, "8": 0.6633499170812603, "9": 0.6657190239279792, "10": 0.6657190239279792, "11": 0.662165363657901, "12": 0.6621653636579011, "13": 0.6619284529732292, "14": 0.6647713811892918, "15": 0.668088130774698, "16": 0.6704572376214167, "17": 0.668088130774698, "18": 0.6699834162520729, "19": 0.6683250414593699, "20": 0.6725894337834637, "21": 0.6730632551528074, "22": 0.6737739872068229, "23": 0.6725894337834636, "24": 0.6704572376214167, "25": 0.6687988628287136, "26": 0.6733001658374792, "27": 0.673773987206823, "28": 0.6711679696754324, "29": 0.6747216299455105, "30": 0.6692726841980574, "31": 0.6687988628287136, "32": 0.6678512200900261, "33": 0.6714048803601042, "34": 0.6702203269367448, "35": 0.6730632551528075, "36": 0.6740108978914949, "37": 0.6733001658374793, "38": 0.6754323619995262, "39": 0.6744847192608386, "40": 0.6706941483060886, "41": 0.6721156124141199, "42": 0.669983416252073, "43": 0.6678512200900261, "44": 0.6685619521440417, "45": 0.6697465055674012, "46": 0.6699834162520729, "47": 0.6699834162520729, "48": 0.6685619521440416, "49": 0.6704572376214166, "50": 0.671878701729448}}