{"learning rate": 0.00025, "epoch_accuracy": {"1.0": 0.8542528973509934, "2.0": 0.8707384152353277, "3.0": 0.8784183488142805, "4.0": 0.8806912251655629, "5.0": 0.8865134139380416, "6.0": 0.8885371802189819, "7.0": 0.8885554635761589, "8.0": 0.8906647293861242, "9.0": 0.8989154688391884, "10.0": 0.8963679635761589, "11.0": 0.9034300243889782, "12.0": 0.9107467178662239, "13.0": 0.9119402210575476, "14.0": 0.9178394039735099, "15.0": 0.9244979502879975, "16.0": 0.9230968813242696, "17.0": 0.9310844370860927, "18.0": 0.9250687561621088, "19.0": 0.9306730320170203, "20.0": 0.9302048841059603, "21.0": 0.9326449068548597, "22.0": 0.9338384100461834, "23.0": 0.9340459758185875, "24.0": 0.9349648178807947, "25.0": 0.939546468787297, "26.0": 0.9441648072232889, "27.0": 0.9465542218543046, "28.0": 0.9470707280369467, "29.0": 0.9436458927922785, "30.0": 0.9488824503311258, "31.0": 0.9476934253541591, "32.0": 0.9530382439935655, "33.0": 0.9511589403973509, "34.0": 0.952156089460848, "35.0": 0.9500804317368066, "36.0": 0.9552176846038088, "37.0": 0.9561258278145696, "38.0": 0.9559441648072233, "39.0": 0.9545949872865964, "40.0": 0.9566949503311258, "41.0": 0.9568263193399409, "42.0": 0.9580717139743656, "43.0": 0.9590231788079471, "44.0": 0.9598879144829018, "45.0": 0.9597841315966997, "46.0": 0.9575527995433553, "47.0": 0.9601096854304636, "48.0": 0.9575527995433553, "49.0": 0.9598360230398008, "50.0": 0.9616100993377483}}