{"learning rate": 0.00025, "epoch_accuracy": {"1": 0.34873583260680036, "2": 0.3583260680034874, "3": 0.35309503051438534, "4": 0.34960767218831734, "5": 0.34176111595466435, "6": 0.3653007846556234, "7": 0.35047951176983433, "8": 0.3387096774193548, "9": 0.35004359197907586, "10": 0.35091543156059285, "11": 0.35222319093286836, "12": 0.35789014821272885, "13": 0.35309503051438534, "14": 0.34960767218831734, "15": 0.34437663469921537, "16": 0.34394071490845685, "17": 0.34829991281604183, "18": 0.34786399302528337, "19": 0.35353095030514387, "20": 0.3548387096774194, "21": 0.35571054925893636, "22": 0.36050566695727987, "23": 0.34742807323452485, "24": 0.35353095030514387, "25": 0.35353095030514387, "26": 0.3469921534437663, "27": 0.33958151700087186, "28": 0.33347863993025284, "29": 0.35222319093286836, "30": 0.34481255448997383, "31": 0.3526591107236269, "32": 0.35178727114210984, "33": 0.35004359197907586, "34": 0.35135135135135137, "35": 0.3469921534437663, "36": 0.34829991281604183, "37": 0.34481255448997383, "38": 0.34263295553618134, "39": 0.34960767218831734, "40": 0.35440278988666085, "41": 0.34437663469921537, "42": 0.35135135135135137, "43": 0.34088927637314737, "44": 0.34742807323452485, "45": 0.33958151700087186, "46": 0.3387096774193548, "47": 0.34481255448997383, "48": 0.34481255448997383, "49": 0.34655623365300786, "50": 0.34829991281604183}}