{"learning rate": 7.5e-05, "epoch_accuracy": {"1.0": 0.4944628523840743, "2.0": 0.5148927122277939, "3.0": 0.5288374647837412, "4.0": 0.537377961266545, "5.0": 0.5464677427928487, "6.0": 0.549586264330138, "7.0": 0.5536970427202013, "8.0": 0.5583925438985063, "9.0": 0.561333876712086, "10.0": 0.5650194021652462, "11.0": 0.5686340521289225, "12.0": 0.5701224374080833, "13.0": 0.5732055212006308, "14.0": 0.5765543880787427, "15.0": 0.5792653755514999, "16.0": 0.5780604922302744, "17.0": 0.5816751421939508, "18.0": 0.5814625157254992, "19.0": 0.583925438985063, "20.0": 0.5865478320959654, "21.0": 0.5859453904353527, "22.0": 0.5895954781437709, "23.0": 0.5888335666318195, "24.0": 0.590481421762319, "25.0": 0.5910129879334479, "26.0": 0.5931924092350763, "27.0": 0.5943972925563017, "28.0": 0.5954072682814465, "29.0": 0.5965412761131882, "30.0": 0.599411733437284, "31.0": 0.6002445204387192, "32.0": 0.6010595885677835, "33.0": 0.6018569378244768, "34.0": 0.6016974679731382, "35.0": 0.6029555079114766, "36.0": 0.6043375799564116, "37.0": 0.6036111061892021, "38.0": 0.6047096762762018, "39.0": 0.605507025532895, "40.0": 0.6083066073675071, "41.0": 0.6084837960912167, "42.0": 0.6096000850505874, "43.0": 0.6120807271825222, "44.0": 0.6118858195864415, "45.0": 0.6139234899091022, "46.0": 0.6117795063522158, "47.0": 0.6132678916313766, "48.0": 0.6152524053369244, "49.0": 0.6160674734659887, "50.0": 0.616404132041037}}