{"learning rate": 0.00025, "epoch_accuracy": {"5": 0.3526591107236269, "6": 0.35091543156059285, "7": 0.3435047951176983, "8": 0.35745422842197033, "9": 0.34960767218831734, "10": 0.34306887532693986, "11": 0.35047951176983433, "12": 0.35919790758500436, "13": 0.35571054925893636, "14": 0.35135135135135137, "15": 0.34612031386224934, "16": 0.34045335658238884, "17": 0.35004359197907586, "18": 0.35919790758500436, "19": 0.34263295553618134, "20": 0.34524847428073235, "21": 0.34960767218831734, "22": 0.34612031386224934, "23": 0.35135135135135137, "24": 0.3456843940714908, "25": 0.34786399302528337, "26": 0.35527462946817784, "27": 0.34873583260680036, "28": 0.3469921534437663, "29": 0.34742807323452485, "30": 0.34829991281604183, "31": 0.35004359197907586, "32": 0.34394071490845685, "33": 0.36486486486486486, "34": 0.35178727114210984, "35": 0.34829991281604183, "36": 0.3469921534437663, "37": 0.35789014821272885, "38": 0.3526591107236269, "39": 0.35396687009590233, "40": 0.33958151700087186, "41": 0.34655623365300786, "42": 0.34829991281604183, "43": 0.3548387096774194, "44": 0.35047951176983433, "45": 0.34786399302528337, "46": 0.34742807323452485, "47": 0.34132519616390583, "48": 0.34786399302528337, "49": 0.35135135135135137, "50": 0.34437663469921537}}