{"learning rate": 2.5e-05, "epoch_accuracy": {"1.0": 0.4912557364849301, "2.0": 0.5076988500451831, "3.0": 0.5150521820791325, "4.0": 0.5231319878802912, "5.0": 0.5304853199142406, "6.0": 0.5349327568793522, "7.0": 0.5368641139677871, "8.0": 0.541595052890834, "9.0": 0.5437567553200914, "10.0": 0.5467512447507841, "11.0": 0.5499583606499282, "12.0": 0.5520314687173308, "13.0": 0.5568687208746036, "14.0": 0.5569927529812003, "15.0": 0.5586228892393288, "16.0": 0.5598809291776672, "17.0": 0.5610858124988926, "18.0": 0.5631057639491823, "19.0": 0.5631589205662951, "20.0": 0.5672165423392456, "21.0": 0.5673937310629552, "22.0": 0.5689884295763418, "23.0": 0.568439144532842, "24.0": 0.5700515619185995, "25.0": 0.5707957545581799, "26.0": 0.5718766057728086, "27.0": 0.5737548062441307, "28.0": 0.5747293442245336, "29.0": 0.5751191594166947, "30.0": 0.5765898258234846, "31.0": 0.5775466449315165, "32.0": 0.5780073356131615, "33.0": 0.5774226128249198, "34.0": 0.5812498892570477, "35.0": 0.5798500983397417, "36.0": 0.5812853270017896, "37.0": 0.5808955118096284, "38.0": 0.5798323794673707, "39.0": 0.5830217764941439, "40.0": 0.5819586441518861, "41.0": 0.5827028367914666, "42.0": 0.5846341938799015, "43.0": 0.5836242181547566, "44.0": 0.584846820348353, "45.0": 0.5855732941155625, "46.0": 0.5863883622446268, "47.0": 0.5887981288870776, "48.0": 0.5870793982670943, "49.0": 0.5856973262221592, "50.0": 0.5884437514396583}}