{"learning rate": 0.00025, "epoch_accuracy": {"1":0.357, "2":0.353, "3":0.354 , "4":0.358, "5": 0.3561464690496949, "6": 0.35004359197907586, "7": 0.35178727114210984, "8": 0.35353095030514387, "9": 0.35701830863121187, "10": 0.3596338273757629, "11": 0.35745422842197033, "12": 0.35222319093286836, "13": 0.34742807323452485, "14": 0.34655623365300786, "15": 0.3491717523975589, "16": 0.35919790758500436, "17": 0.35004359197907586, "18": 0.35309503051438534, "19": 0.35178727114210984, "20": 0.34960767218831734, "21": 0.35876198779424584, "22": 0.3548387096774194, "23": 0.35658238884045335, "24": 0.35527462946817784, "25": 0.35440278988666085, "26": 0.35396687009590233, "27": 0.35309503051438534, "28": 0.35047951176983433, "29": 0.35745422842197033, "30": 0.34742807323452485, "31": 0.3491717523975589, "32": 0.34655623365300786, "33": 0.36268526591107236, "34": 0.34742807323452485, "35": 0.3491717523975589, "36": 0.35440278988666085, "37": 0.35222319093286836, "38": 0.35004359197907586, "39": 0.35222319093286836, "40": 0.34742807323452485, "41": 0.34612031386224934, "42": 0.35571054925893636, "43": 0.34960767218831734, "44": 0.35658238884045335, "45": 0.35222319093286836, "46": 0.34829991281604183, "47": 0.34829991281604183, "48": 0.3526591107236269, "49": 0.3456843940714908, "50": 0.35047951176983433}}
