{"learning rate": 1e-05, "epoch_accuracy": {"1.0": 0.6437905309863963, "2.0": 0.667975035350334, "3.0": 0.6772636403530158, "4.0": 0.684699400263299, "5.0": 0.69179384660393, "6.0": 0.6957920912770004, "7.0": 0.7003510653859282, "8.0": 0.7039836169486566, "9.0": 0.7078355843775903, "10.0": 0.7109805451265299, "11.0": 0.7138085718465064, "12.0": 0.7159052123457994, "13.0": 0.7183919254961236, "14.0": 0.721049295431274, "15.0": 0.7225364474133308, "16.0": 0.7255838899995124, "17.0": 0.7271198010629479, "18.0": 0.7289238870739675, "19.0": 0.7311911843580867, "20.0": 0.7330927885318641, "21.0": 0.7343361451070262, "22.0": 0.7361402311180457, "23.0": 0.7379199375883758, "24.0": 0.7391876737042274, "25.0": 0.7407723438490419, "26.0": 0.741479350529036, "27.0": 0.7434540933248818, "28.0": 0.7443073772490126, "29.0": 0.7454044565800381, "30.0": 0.7465259154517528, "31.0": 0.7475742357013994, "32.0": 0.7484518991662197, "33.0": 0.7494270807937978, "34.0": 0.7500365693110341, "35.0": 0.7513286849675752, "36.0": 0.751962553025501, "37.0": 0.7525476620020479, "38.0": 0.7539129162806573, "39.0": 0.754814959286167, "40.0": 0.7551075137744405, "41.0": 0.7560583158613292, "42.0": 0.7573260519771807, "43.0": 0.7577405041689015, "44.0": 0.7585694085523429, "45.0": 0.7591788970695792, "46.0": 0.7597883855868155, "47.0": 0.7599102832902628, "48.0": 0.7607879467550831, "49.0": 0.761592471597835, "50.0": 0.761909405626798}}